,Paths,Labels
0,men/00000493.jpg,0
1,women/00000882.jpg,1
2,women/00000901.jpg,1
3,women/00000213.jpg,1
4,women/00000963.jpg,1
5,women/00001273.jpg,1
6,women/00001922.jpg,1
7,women/00000796.jpg,1
8,men/00000273.jpg,0
9,women/00001912.jpg,1
10,men/00000330.jpg,0
11,women/00002295.jpg,1
12,men/00000313.jpg,0
13,men/00000308.jpg,0
14,men/misclassed (1).png,0
15,men/00001947.jpg,0
16,men/00000841.jpg,0
17,men/00000238.jpg,0
18,men/00001735.png,0
19,men/00002016.jpg,0
20,women/00000234.jpg,1
21,women/00000768.jpg,1
22,women/missclassed (63).jpg,1
23,women/00002309.jpg,1
24,women/00001614.jpeg,1
25,women/00002153.jpg,1
26,men/00000997.jpg,0
27,women/00001389.jpg,1
28,women/00001358.jpg,1
29,women/00000928.jpg,1
30,men/00001042.jpg,0
31,women/00001165.jpg,1
32,men/00001196.jpg,0
33,men/00000245.jpg,0
34,women/00000219.jpg,1
35,women/00001607.jpg,1
36,women/00000082.jpg,1
37,women/00002382.jpg,1
38,men/00000544.jpg,0
39,women/00001333.jpg,1
40,men/00000583.jpg,0
41,women/00000202.jpg,1
42,women/00000790.jpg,1
43,men/00000249.jpg,0
44,women/00000203.jpg,1
45,women/00000717.jpg,1
46,men/00001041.jpg,0
47,women/00001649.jpg,1
48,women/00001318.jpg,1
49,men/00000881.jpg,0
50,men/00001183.jpg,0
51,men/00001057.jpg,0
52,men/00002173.jpg,0
53,women/00000066.jpg,1
54,women/00000869.jpg,1
55,men/00001014.jpg,0
56,women/00001596.jpg,1
57,women/00002316.jpg,1
58,women/00001502.jpg,1
59,women/00001411.jpg,1
60,men/00000984.jpg,0
61,women/00001883.jpg,1
62,women/missclassed (47).jpg,1
63,men/00000206.jpg,0
64,women/00002428.jpg,1
65,men/00001342.jpg,0
66,women/00001216.jpg,1
67,women/00001351.jpg,1
68,women/00001312.jpg,1
69,women/00002261.jpg,1
70,men/00000703.gif,0
71,men/00000274.jpg,0
72,women/00000324.jpg,1
73,women/missclassed (35).jpg,1
74,women/00000557.jpg,1
75,women/00002009.jpg,1
76,men/00001666.jpg,0
77,men/00001915.jpg,0
78,men/00000156.jpg,0
79,men/00000506.jpg,0
80,men/00000084.jpg,0
81,men/00001700.jpg,0
82,women/00000877.jpg,1
83,men/00001974.jpg,0
84,men/00001134.jpg,0
85,women/00001836.png,1
86,men/00000338.jpg,0
87,women/00001385.png,1
88,women/00000224.jpg,1
89,women/00002349.jpg,1
90,men/00000057.jpg,0
91,women/00002217.jpg,1
92,women/00002200.jpg,1
93,women/00002326.jpg,1
94,men/00000236.jpg,0
95,women/00000524.jpg,1
96,men/00000116.jpg,0
97,women/00002094.jpg,1
98,men/00001983.jpg,0
99,women/00000323.jpg,1
100,women/00000006.png,1
101,men/00001025.jpg,0
102,men/00001145.jpg,0
103,men/00000304.jpg,0
104,women/missclassed (75).jpg,1
105,women/00001425.jpg,1
106,women/00001489.jpg,1
107,women/00001832.jpg,1
108,women/00000209.png,1
109,women/00001700.JPG,1
110,women/00000305.jpg,1
111,men/00001331.jpg,0
112,men/00000090.jpg,0
113,women/00000171.jpg,1
114,women/00000939.jpg,1
115,women/00000528.jpg,1
116,men/07 (7).jpg,0
117,women/00001587.jpg,1
118,men/00000132.jpg,0
119,women/00002275.jpg,1
120,women/00002323.jpg,1
121,men/00000170.jpg,0
122,women/00001374.jpg,1
123,men/00002132.jpg,0
124,women/00000983.jpg,1
125,men/00001019.jpg,0
126,men/00002012.jpg,0
127,women/00000961.jpg,1
128,men/00000359.jpg,0
129,women/02 (1).jpg,1
130,men/00001253.jpg,0
131,men/00000991.JPEG,0
132,men/00000818.jpg,0
133,women/00001969.jpg,1
134,men/00000851.JPG,0
135,men/00001092.jpg,0
136,men/00000262.jpg,0
137,men/00002138.jpg,0
138,women/00002215.jpg,1
139,women/00001052.jpg,1
140,women/00001712.png,1
141,women/00002071.jpg,1
142,women/00001551.jpg,1
143,women/00001362.jpg,1
144,women/00000593.jpg,1
145,women/00002389.png,1
146,women/00002058.jpeg,1
147,men/00001931.jpg,0
148,men/00000042.jpg,0
149,men/00001740.png,0
150,men/0000000296.png,0
151,men/00000113.jpg,0
152,men/misclassed (5).jpg,0
153,women/00001132.JPG,1
154,women/00001507.jpg,1
155,women/00001190.jpg,1
156,women/00001621.jpg,1
157,men/00001619.jpg,0
158,women/missclassed (26).jpg,1
159,women/00001063.jpg,1
160,women/missclassed (8).jpg,1
161,men/00000977.jpg,0
162,men/00001236.jpg,0
163,women/00000664.jpg,1
164,men/00001022.jpg,0
165,women/00002022.jpg,1
166,women/00001390.jpg,1
167,women/00002310.jpg,1
168,women/00001449.jpg,1
169,women/00000019.jpg,1
170,women/00002305.jpg,1
171,men/00000835.jpeg,0
172,women/00001786.jpg,1
173,men/00001624.jpg,0
174,women/00000307.jpg,1
175,women/00000625.jpg,1
176,men/00000916.jpg,0
177,women/00000065.jpg,1
178,men/00001076.jpg,0
179,women/00000501.jpg,1
180,women/00001101.jpg,1
181,women/00001899.jpg,1
182,men/00002226.jpg,0
183,women/00000586.jpg,1
184,men/05 (5).jpg,0
185,women/00000201.jpg,1
186,men/00000259.jpg,0
187,men/00000970.jpg,0
188,women/00001138.jpg,1
189,men/00001719.jpg,0
190,men/00001824.jpg,0
191,men/00000467.jpg,0
192,men/00000295.jpg,0
193,men/00000486.jpg,0
194,men/00001488.jpg,0
195,men/00000350.jpg,0
196,men/00001169.jpg,0
197,women/00002057.jpg,1
198,women/00002300.jpg,1
199,men/00001816.jpg,0
200,women/06 (1).png,1
201,men/00000855.jpg,0
202,women/00002138.png,1
203,women/00001455.jpeg,1
204,men/00001234.jpg,0
205,men/00000237.jpg,0
206,men/00002183.jpg,0
207,women/00001521.jpg,1
208,men/00002070.jpg,0
209,men/00001881.jpg,0
210,men/00001096.jpg,0
211,women/00001593.jpg,1
212,men/00000287.jpg,0
213,women/00001007.jpg,1
214,women/00002273.jpg,1
215,men/00001073.jpg,0
216,women/00002258.jpg,1
217,women/00000469.jpg,1
218,men/00002307.jpg,0
219,men/00000297.jpg,0
220,men/00000290.jpg,0
221,men/00001498.jpg,0
222,men/00000891.jpg,0
223,women/00001092.jpg,1
224,men/00001061.jpg,0
225,women/missclassed (15).jpg,1
226,men/00000207.jpg,0
227,women/00001293.jpg,1
228,women/00002055.jpg,1
229,women/00000446.jpg,1
230,men/00000857.jpeg,0
231,men/00001016.png,0
232,men/00000909.jpg,0
233,women/00001536.jpg,1
234,women/00001151.jpg,1
235,women/missclassed (42).jpg,1
236,women/00000691.jpg,1
237,women/00002247.jpg,1
238,women/00000449.jpg,1
239,men/00002310.jpg,0
240,women/00001530.jpg,1
241,men/00000967.jpg,0
242,men/00000958.jpg,0
243,women/00000918.jpg,1
244,women/00000894.jpg,1
245,men/00001713.jpeg,0
246,men/00000032.jpg,0
247,women/00001447.jpeg,1
248,women/00000864.jpeg,1
249,men/00000411.jpg,0
250,women/00002139.jpg,1
251,men/00000168.jpg,0
252,women/00001221.jpg,1
253,men/00000326.jpg,0
254,men/00000271.jpg,0
255,women/00000447.jpg,1
256,men/00000635.jpg,0
257,women/00000867.jpg,1
258,men/00001720.jpg,0
259,women/00001196.jpg,1
260,women/00001529.jpg,1
261,women/00001949.jpg,1
262,women/00001414.jpg,1
263,women/00001345.jpg,1
264,women/00000614.jpg,1
265,women/00001298.jpg,1
266,men/00000907.JPG,0
267,women/00000240.png,1
268,women/00000940.jpg,1
269,men/00002123.jpg,0
270,women/00002223.jpg,1
271,men/00002219.jpeg,0
272,women/00000561.jpg,1
273,women/00000050.jpg,1
274,women/00001689.jpeg,1
275,women/00000068.jpg,1
276,women/00001501.jpg,1
277,men/00000357.jpg,0
278,women/00001014.jpg,1
279,men/01 (3).jpg,0
280,men/00002152.jpg,0
281,women/00000241.jpg,1
282,women/00000496.jpg,1
283,men/00000570.jpg,0
284,men/00000342.jpg,0
285,men/00000073.jpg,0
286,women/00000792.jpg,1
287,women/00000143.jpg,1
288,women/00001903.jpg,1
289,women/00001571.jpg,1
290,men/00001264.jpg,0
291,men/00002275.jpg,0
292,men/00000114.jpg,0
293,men/00001068.jpg,0
294,women/00001243.jpg,1
295,women/00001939.jpg,1
296,men/00000593.jpg,0
297,men/00002332.jpg,0
298,men/00001763.jpg,0
299,men/00000671.jpg,0
300,men/00001759.jpg,0
301,men/00000956.jpg,0
302,men/00001777.png,0
303,women/missclassed (57).jpg,1
304,men/00002038.jpg,0
305,men/00000645.jpg,0
306,women/00001860.jpg,1
307,women/02 (1).jpeg,1
308,men/00001152.jpg,0
309,men/00002063.jpg,0
310,women/00001081.jpg,1
311,women/missclassed (69).jpg,1
312,men/00001161.jpg,0
313,women/00002110.jpg,1
314,men/00000880.jpg,0
315,men/00001239.jpg,0
316,men/00001643.JPG,0
317,men/00000128.jpg,0
318,men/00000860.png,0
319,women/00000248.jpg,1
320,women/00001796.jpg,1
321,women/missclassed (85).jpg,1
322,men/05 (1).jpeg,0
323,women/00001737.jpg,1
324,women/00000226.jpg,1
325,women/00001834.jpg,1
326,women/00001213.jpg,1
327,women/00001230.jpg,1
328,women/00001261.jpg,1
329,men/00000317.jpg,0
330,women/00001823.jpg,1
331,women/00001343.jpg,1
332,women/00000025.jpg,1
333,men/00000666.jpg,0
334,women/00001289.jpg,1
335,women/missclassed (66).jpg,1
336,women/00000962.jpg,1
337,men/00000904.jpg,0
338,women/00000045.jpg,1
339,men/05 (7).jpg,0
340,women/missclassed (52).jpg,1
341,women/00001505.jpg,1
342,men/00000858.jpg,0
343,men/00001070.jpg,0
344,women/00002140.jpg,1
345,women/00001738.jpg,1
346,women/00000133.jpg,1
347,men/00002244.jpg,0
348,women/00000755.jpg,1
349,women/00000167.jpg,1
350,men/00000877.jpeg,0
351,men/00000939.jpg,0
352,women/00001159.jpg,1
353,women/00001125.jpg,1
354,men/00000825.jpg,0
355,men/00002278.jpg,0
356,women/00000916.jpg,1
357,women/00002299.jpg,1
358,men/00001581.jpg,0
359,men/00002164.jpg,0
360,men/00001403.jpg,0
361,women/00000103.jpg,1
362,women/00000529.jpg,1
363,women/00001033.jpg,1
364,women/00000232.jpg,1
365,women/00001666.jpg,1
366,women/00000187.jpg,1
367,men/00000655.jpg,0
368,women/00002193.jpg,1
369,men/00000893.jpg,0
370,women/00001332.jpg,1
371,women/00001341.jpg,1
372,women/00000970.jpg,1
373,women/00001158.jpg,1
374,women/00001801.jpg,1
375,men/00002291.jpg,0
376,women/00002397.jpg,1
377,women/00000852.jpg,1
378,women/00000548.jpg,1
379,women/00001437.jpg,1
380,men/00000853.jpg,0
381,women/00001492.jpg,1
382,women/00001626.jpg,1
383,men/00002197.jpg,0
384,men/00000328.jpg,0
385,men/00000165.jpg,0
386,women/00000973.jpg,1
387,men/00002001.jpg,0
388,women/00002365.jpg,1
389,women/00002105.jpg,1
390,men/00000839.jpg,0
391,women/00001719.jpeg,1
392,men/00000535.jpg,0
393,women/00000273.jpg,1
394,men/00001845.jpg,0
395,men/00001822.jpg,0
396,men/00001936.jpg,0
397,men/00000275.png,0
398,women/00001316.jpg,1
399,men/00000152.png,0
400,men/00000079.jpg,0
401,women/00001724.jpg,1
402,men/misclassed (10).jpg,0
403,men/00001074.jpg,0
404,men/00001177.png,0
405,men/00002088.jpg,0
406,women/00000618.jpg,1
407,women/00001504.jpg,1
408,women/missclassed (14).jpg,1
409,men/00002144.jpg,0
410,men/00001969.jpg,0
411,women/00000452.jpg,1
412,men/00000220.jpg,0
413,women/00001470.jpg,1
414,women/00001468.jpg,1
415,women/00000149.jpg,1
416,women/00001340.jpg,1
417,men/00000397.jpg,0
418,men/00001235.jpeg,0
419,men/00001110.jpg,0
420,women/00001516.jpg,1
421,women/00001858.jpg,1
422,men/00002266.jpg,0
423,women/00000474.jpg,1
424,women/00001638.png,1
425,men/00000021.jpg,0
426,men/00001111.jpg,0
427,men/00001853.JPG,0
428,women/00002035.jpg,1
429,men/00002127.jpg,0
430,women/00001947.jpeg,1
431,men/misclassed (6).jpg,0
432,women/missclassed (34).jpg,1
433,women/00001835.png,1
434,women/00001513.jpg,1
435,men/00000393.jpg,0
436,men/00000196.png,0
437,women/00000995.jpg,1
438,men/00002228.jpeg,0
439,women/00001303.png,1
440,women/00000997.jpg,1
441,women/missclassed (1).jpg,1
442,women/missclassed (11).jpg,1
443,men/00001005.jpg,0
444,women/00002184.jpg,1
445,women/00002030.png,1
446,women/00001017.jpg,1
447,men/00000083.jpg,0
448,women/00001109.jpg,1
449,women/00001831.jpg,1
450,women/00000504.jpg,1
451,men/00000024.jpg,0
452,men/00000048.jpg,0
453,women/00000253.jpg,1
454,women/00001552.jpg,1
455,women/00000041.jpg,1
456,men/00001925.jpg,0
457,women/00001306.jpg,1
458,women/missclassed (28).jpg,1
459,men/00001864.jpg,0
460,men/07 (3).jpg,0
461,men/00000345.jpg,0
462,women/00000151.jpg,1
463,women/00002157.jpg,1
464,men/00000225.jpg,0
465,women/missclassed (17).jpg,1
466,women/00002173.jpg,1
467,men/00001840.jpg,0
468,men/00000185.jpg,0
469,women/02 (11).jpg,1
470,men/00001894.jpg,0
471,women/00001646.jpg,1
472,women/00001140.png,1
473,women/00001462.gif,1
474,women/00001519.jpg,1
475,men/00000849.jpg,0
476,men/00001866.jpg,0
477,men/00000982.jpg,0
478,men/00000994.png,0
479,women/00000028.jpeg,1
480,men/00001021.jpg,0
481,women/00001200.jpg,1
482,women/00001366.jpg,1
483,men/00000385.jpg,0
484,women/00000746.jpg,1
485,men/00001614.jpg,0
486,women/00001429.jpg,1
487,men/00000200.jpg,0
488,women/00001077.jpg,1
489,women/00001688.jpg,1
490,men/00000942.jpg,0
491,women/00000142.jpg,1
492,women/00001629.jpg,1
493,women/00001741.png,1
494,women/00000207.jpg,1
495,men/00000941.png,0
496,men/00001814.jpg,0
497,men/00001981.jpg,0
498,women/00000263.jpg,1
499,women/00000906.jpg,1
500,men/00001205.jpg,0
501,men/00000223.jpg,0
502,men/00000105.jpg,0
503,women/00001929.jpg,1
504,men/00000060.jpg,0
505,women/00000369.jpg,1
506,women/00002372.jpg,1
507,men/00001064.jpg,0
508,men/00001621.jpg,0
509,men/00001839.jpg,0
510,women/00002282.jpg,1
511,women/00001981.jpg,1
512,women/00000228.jpg,1
513,women/00000212.png,1
514,women/00002336.jpg,1
515,women/00002043.jpg,1
516,men/00000082.jpg,0
517,men/00001821.jpg,0
518,men/00000216.jpg,0
519,women/00000945.png,1
520,women/00001163.png,1
521,women/00000007.jpg,1
522,women/00001960.jpg,1
523,women/00001416.jpg,1
524,women/00002042.jpg,1
525,women/00000300.jpg,1
526,women/missclassed (27).jpg,1
527,women/00001194.jpg,1
528,women/00002097.jpg,1
529,men/00001011.jpg,0
530,women/00002023.jpg,1
531,women/00001913.jpg,1
532,women/00000100.jpg,1
533,women/00001233.jpg,1
534,women/00000350.jpg,1
535,women/00001093.png,1
536,women/00001126.jpg,1
537,men/07 (2).jpg,0
538,women/00000865.jpg,1
539,men/00000972.jpg,0
540,women/00000432.jpg,1
541,women/02 (5).jpg,1
542,women/00000729.jpg,1
543,women/00000912.jpg,1
544,men/00001143.jpg,0
545,women/00001790.png,1
546,women/00000250.jpg,1
547,men/00001280.jpg,0
548,men/00001712.jpg,0
549,men/00001435.jpg,0
550,women/00000208.jpg,1
551,men/00001978.jpg,0
552,men/00001858.jpg,0
553,men/00001122.jpg,0
554,women/00001842.jpg,1
555,men/00001838.png,0
556,women/00001604.jpg,1
557,women/00000933.jpg,1
558,men/00000101.jpg,0
559,women/00001821.jpg,1
560,men/00002120.jpg,0
561,women/00000026.jpg,1
562,women/00001457.jpg,1
563,women/00002226.jpg,1
564,women/00001747.jpg,1
565,women/00002362.jpg,1
566,women/00000317.jpeg,1
567,women/00001793.jpg,1
568,women/00000708.jpg,1
569,women/00001355.jpg,1
570,men/00000920.jpg,0
571,men/00001193.jpg,0
572,women/00001241.jpg,1
573,men/00000263.jpg,0
574,men/00000251.jpg,0
575,women/00000094.png,1
576,women/00000073.jpg,1
577,men/00001198.jpg,0
578,men/00001013.jpg,0
579,men/00001156.jpg,0
580,women/00001127.jpg,1
581,women/00000312.jpg,1
582,women/00000024.png,1
583,women/00001464.jpg,1
584,women/00001653.jpg,1
585,men/00002040.jpg,0
586,women/00002280.jpg,1
587,women/00000139.jpg,1
588,men/00000910.jpg,0
589,men/00000609.jpg,0
590,men/00001200.jpg,0
591,men/00001332.jpg,0
592,men/00000926.jpg,0
593,men/00001190.jpg,0
594,women/00002284.jpg,1
595,women/00001012.jpg,1
596,women/00000088.jpg,1
597,women/00001025.png,1
598,men/00001724.jpg,0
599,women/00001334.jpg,1
600,women/00001908.jpg,1
601,women/00000069.jpg,1
602,women/00001717.jpg,1
603,women/00001911.jpg,1
604,women/missclassed (11).png,1
605,men/00002033.jpg,0
606,women/missclassed (79).jpg,1
607,men/00000208.jpg,0
608,men/00001256.jpg,0
609,women/00001994.jpg,1
610,women/00001675.jpg,1
611,men/00002295.jpg,0
612,women/00002354.jpg,1
613,women/00001037.jpg,1
614,women/00001782.jpg,1
615,men/00001718.jpg,0
616,women/00002388.jpg,1
617,women/00001743.jpg,1
618,women/00000835.jpg,1
619,women/00001402.jpg,1
620,women/00002143.jpg,1
621,men/misclassed (8).jpg,0
622,women/00000275.jpg,1
623,women/00001076.jpg,1
624,men/00002288.jpg,0
625,women/00000982.jpg,1
626,women/00001423.jpg,1
627,men/00000563.jpg,0
628,men/00001037.jpg,0
629,women/00001279.jpg,1
630,men/00000852.jpg,0
631,men/01 (10).jpg,0
632,women/00000904.png,1
633,men/00002248.jpg,0
634,women/missclassed (7).png,1
635,women/00000079.jpg,1
636,women/00001062.jpg,1
637,men/00000058.jpg,0
638,men/00000929.jpg,0
639,men/00000026.jpg,0
640,men/00000924.jpg,0
641,women/00002325.jpg,1
642,women/00001285.jpg,1
643,women/00002192.jpg,1
644,women/00002048.jpg,1
645,men/00000153.jpg,0
646,men/00002072.jpg,0
647,women/00001715.jpg,1
648,women/00001030.jpg,1
649,women/00001184.jpg,1
650,men/00000364.png,0
651,women/00001331.jpg,1
652,men/00000812.png,0
653,women/00000990.jpg,1
654,women/00001353.jpg,1
655,women/00001888.png,1
656,women/00002026.jpg,1
657,women/00000042.jpg,1
658,women/00000824.jpg,1
659,men/00000123.jpeg,0
660,women/00002209.jpg,1
661,women/00000113.jpg,1
662,women/00001235.jpg,1
663,women/00001181.jpg,1
664,men/00001343.jpg,0
665,women/00001931.png,1
666,women/missclassed (82).jpg,1
667,men/01 (7).jpg,0
668,women/00000890.jpg,1
669,women/00002392.jpg,1
670,men/00000018.jpg,0
671,women/00001167.jpg,1
672,men/00002337.jpg,0
673,women/00001349.jpg,1
674,men/00001100.jpg,0
675,women/missclassed (9).png,1
676,women/00001829.jpg,1
677,men/00001965.jpg,0
678,men/00000978.jpg,0
679,women/00001484.jpg,1
680,women/00001697.jpg,1
681,women/00000251.jpg,1
682,women/00000456.png,1
683,men/00000538.jpg,0
684,women/00000896.jpg,1
685,men/00000227.jpg,0
686,men/01 (9).jpg,0
687,men/00000335.jpg,0
688,women/00001645.jpg,1
689,men/00001182.jpg,0
690,men/00001707.jpg,0
691,women/00001276.jpg,1
692,men/00000827.jpg,0
693,men/07 (9).jpg,0
694,women/00000491.jpg,1
695,women/00001546.jpg,1
696,women/00001770.jpg,1
697,men/00000938.jpg,0
698,women/00001178.png,1
699,women/00000965.jpeg,1
700,women/00000546.jpg,1
701,women/00001608.gif,1
702,women/00001440.jpg,1
703,women/00000448.jpg,1
704,men/00001412.jpg,0
705,men/00000321.jpg,0
706,women/00002098.jpg,1
707,women/00001534.jpg,1
708,men/00001166.jpg,0
709,women/00000315.jpg,1
710,women/00002125.gif,1
711,women/00000999.jpg,1
712,women/00001000.jpg,1
713,women/00000801.jpg,1
714,men/00000900.jpg,0
715,women/00000087.jpeg,1
716,women/00002079.jpeg,1
717,men/00001691.jpg,0
718,women/00001807.jpg,1
719,women/00001232.PNG,1
720,women/00001108.jpg,1
721,women/00002131.jpg,1
722,men/00002181.jpg,0
723,women/00002207.jpg,1
724,men/00002101.png,0
725,women/00001721.jpg,1
726,men/00000092.jpg,0
727,women/00000879.jpg,1
728,men/00001914.jpg,0
729,women/00001089.jpg,1
730,women/00000191.jpg,1
731,women/missclassed (72).jpg,1
732,women/00001002.jpg,1
733,men/00001754.jpg,0
734,men/00001486.jpg,0
735,men/00001792.jpg,0
736,women/missclassed (1).gif,1
737,women/00000952.jpg,1
738,men/00000863.jpg,0
739,women/00001253.jpg,1
740,women/00001357.jpg,1
741,men/00001932.jpg,0
742,men/00001968.jpg,0
743,women/00000936.jpg,1
744,men/00000102.jpg,0
745,women/00001808.jpg,1
746,men/00000896.jpg,0
747,women/00001445.jpg,1
748,women/00000175.jpg,1
749,women/00001701.jpg,1
750,men/00000995.jpeg,0
751,men/00001630.jpg,0
752,women/00000330.jpg,1
753,men/00002333.jpg,0
754,men/00000372.jpg,0
755,men/00002143.jpg,0
756,women/00000441.png,1
757,women/missclassed (50).jpg,1
758,women/00001644.jpg,1
759,women/00001918.png,1
760,women/00002113.jpg,1
761,men/00001060.jpg,0
762,women/00001814.jpg,1
763,men/00001208.jpg,0
764,women/00000468.jpg,1
765,women/00002077.jpg,1
766,women/00001877.jpg,1
767,women/00001662.jpg,1
768,men/00000487.jpg,0
769,women/00000595.jpg,1
770,women/00000067.jpg,1
771,women/00001393.jpg,1
772,men/00001992.jpg,0
773,women/00001185.jpg,1
774,women/00002243.jpg,1
775,men/00001108.jpg,0
776,men/00000055.jpg,0
777,men/00002281.jpg,0
778,men/00000289.jpg,0
779,men/00000560.jpg,0
780,men/00001219.png,0
781,men/00000299.jpg,0
782,men/00000534.png,0
783,men/00001633.jpg,0
784,women/00002012.jpg,1
785,women/00001680.jpg,1
786,men/00002086.jpg,0
787,women/00001851.jpg,1
788,women/00001566.jpg,1
789,women/00001112.jpg,1
790,women/00001816.jpg,1
791,men/00002065.png,0
792,men/00000279.jpg,0
793,women/00002003.jpg,1
794,men/00001706.jpg,0
795,women/00002238.jpg,1
796,men/00000151.jpg,0
797,women/missclassed (16).jpg,1
798,women/00000820.jpg,1
799,women/00001297.jpg,1
800,men/00001140.jpg,0
801,women/00001248.jpg,1
802,men/00001627.jpg,0
803,men/00001705.jpg,0
804,men/00000244.jpg,0
805,women/00000998.jpg,1
806,men/00002162.jpg,0
807,men/00001267.jpeg,0
808,men/00001049.jpg,0
809,women/00002201.jpg,1
810,men/00000314.jpg,0
811,men/00000155.jpg,0
812,men/00000482.jpg,0
813,women/00002358.jpg,1
814,men/00002218.jpg,0
815,women/00000231.jpg,1
816,women/missclassed (4).png,1
817,women/00002231.jpg,1
818,men/00000799.jpg,0
819,men/00000291.jpg,0
820,men/00001651.jpg,0
821,men/00000990.jpg,0
822,women/00000462.jpg,1
823,women/00001855.jpg,1
824,women/00000221.jpg,1
825,men/00001693.jpg,0
826,women/00001242.jpg,1
827,men/00000868.jpg,0
828,women/00000172.jpg,1
829,women/00001426.jpg,1
830,men/00000278.jpg,0
831,women/00001624.jpg,1
832,men/misclassed (9).jpg,0
833,women/00000712.jpg,1
834,women/missclassed (3).jpg,1
835,women/00000154.jpg,1
836,men/00001209.jpg,0
837,women/00000967.jpg,1
838,men/00000115.jpg,0
839,men/00000218.jpg,0
840,women/00000457.jpg,1
841,women/00001142.png,1
842,women/00002245.jpg,1
843,women/00000968.jpg,1
844,women/00001350.jpg,1
845,women/00002004.jpg,1
846,men/00000240.jpg,0
847,men/00001258.jpg,0
848,men/00001701.jpg,0
849,women/00000328.jpg,1
850,women/00001258.jpg,1
851,women/00001189.jpg,1
852,women/missclassed (22).jpg,1
853,women/00001825.jpg,1
854,men/00002007.jpeg,0
855,women/00002051.jpg,1
856,women/00001133.jpg,1
857,men/00000211.jpg,0
858,women/00000306.png,1
859,women/00000806.jpg,1
860,women/00001075.jpg,1
861,women/00001172.jpg,1
862,women/00002202.jpg,1
863,men/00000331.jpg,0
864,women/00002031.jpg,1
865,women/00001958.jpg,1
866,men/00000816.jpg,0
867,women/00001611.jpg,1
868,women/00000672.jpg,1
869,women/00001837.jpg,1
870,men/00000112.jpg,0
871,women/00000442.jpg,1
872,men/00001734.jpg,0
873,men/00002141.jpg,0
874,men/00000973.jpg,0
875,women/00001029.jpg,1
876,women/00002187.jpg,1
877,men/00000191.jpg,0
878,men/00000095.jpg,0
879,women/00001337.jpeg,1
880,women/00001732.jpg,1
881,men/00000182.jpg,0
882,men/00001895.jpg,0
883,women/00001129.jpg,1
884,women/missclassed (38).jpg,1
885,women/00000434.jpg,1
886,women/00000127.jpg,1
887,women/00000277.jpg,1
888,men/00002035.jpg,0
889,men/00000566.jpg,0
890,men/07 (1).PNG,0
891,women/00000189.jpg,1
892,men/00001764.jpg,0
893,women/00000169.jpg,1
894,men/00001260.jpg,0
895,women/00001756.jpg,1
896,women/00000969.jpeg,1
897,men/00000861.jpg,0
898,men/00001067.jpg,0
899,men/00002159.jpg,0
900,men/00001788.jpg,0
901,men/00002026.jpg,0
902,men/00000532.jpg,0
903,women/00002400.png,1
904,women/00001921.jpg,1
905,men/00001086.jpg,0
906,women/00001388.jpg,1
907,women/00001136.jpg,1
908,women/00001038.jpg,1
909,women/00000238.jpg,1
910,women/missclassed (80).jpg,1
911,men/00000266.jpg,0
912,women/00000138.jpg,1
913,men/misclassed (12).jpg,0
914,women/00000932.jpg,1
915,women/missclassed (71).jpg,1
916,men/00000094.jpg,0
917,men/00001906.jpg,0
918,women/00001679.jpg,1
919,men/00001105.jpg,0
920,men/00001808.jpg,0
921,women/00001016.jpg,1
922,women/00001556.jpg,1
923,women/00000503.jpg,1
924,women/00001755.jpg,1
925,men/00000104.jpg,0
926,men/00001085.jpg,0
927,women/00002162.jpg,1
928,men/00001089.jpg,0
929,women/00001073.jpeg,1
930,women/00000062.jpg,1
931,women/00002103.jpg,1
932,women/00001407.jpg,1
933,women/00000017.jpg,1
934,men/00000221.jpg,0
935,men/00002223.jpg,0
936,men/00001689.jpeg,0
937,men/00002042.jpeg,0
938,women/00000326.JPG,1
939,men/00000953.jpg,0
940,men/00000025.jpg,0
941,women/00000107.jpg,1
942,men/00002029.png,0
943,men/00000339.png,0
944,women/missclassed (54).jpg,1
945,women/00000147.jpg,1
946,women/00000038.png,1
947,men/00000844.jpg,0
948,women/00002366.jpg,1
949,women/00002151.gif,1
950,women/00001292.jpg,1
951,women/00001967.jpg,1
952,men/00000965.jpg,0
953,women/00000450.jpg,1
954,men/00000269.jpg,0
955,men/00000949.jpg,0
956,men/00000381.jpg,0
957,women/00000316.jpg,1
958,women/00001945.jpg,1
959,men/00000016.jpg,0
960,men/00002259.jpg,0
961,women/00000262.jpg,1
962,women/missclassed (10).png,1
963,women/00000980.jpg,1
964,women/00000023.jpg,1
965,women/00001010.jpg,1
966,women/00002090.jpg,1
967,men/00001648.jpg,0
968,women/00001512.jpg,1
969,women/00000049.jpg,1
970,women/00000214.jpg,1
971,women/00000690.jpg,1
972,women/missclassed (6).png,1
973,women/00001004.jpg,1
974,women/00002213.jpg,1
975,men/00002157.jpg,0
976,men/00002081.jpg,0
977,men/00000652.jpg,0
978,men/00001594.JPG,0
979,women/00002249.jpg,1
980,men/00000894.jpg,0
981,men/00001506.jpg,0
982,men/00001102.jpg,0
983,women/00002120.jpg,1
984,men/00000685.jpg,0
985,men/00000820.jpg,0
986,women/00000716.jpg,1
987,women/02 (3).jpg,1
988,women/00001143.jpg,1
989,women/00002407.jpg,1
990,women/missclassed (37).jpg,1
991,men/00002078.jpg,0
992,men/00002089.jpg,0
993,women/00000319.jpg,1
994,women/00000216.jpg,1
995,men/00000931.jpg,0
996,women/00002408.jpg,1
997,men/00002098.jpg,0
998,women/00001049.jpg,1
999,men/00002080.jpg,0
1000,women/00001775.jpg,1
1001,women/missclassed (96).jpg,1
1002,men/00000215.jpg,0
1003,men/00000656.jpg,0
1004,women/00000957.jpg,1
1005,men/00001943.jpg,0
1006,men/00000874.jpg,0
1007,women/00000543.jpg,1
1008,men/00000987.jpg,0
1009,women/00000977.jpg,1
1010,women/00000174.jpg,1
1011,men/00000988.jpg,0
1012,women/00001848.jpg,1
1013,women/00001260.jpg,1
1014,men/00000543.jpg,0
1015,men/00001732.jpg,0
1016,women/00002154.jpg,1
1017,men/00000533.jpg,0
1018,women/00001168.jpg,1
1019,women/00001585.jpg,1
1020,men/00001502.jpg,0
1021,women/00001348.jpg,1
1022,men/00001780.png,0
1023,women/00001219.jpg,1
1024,women/00002426.jpg,1
1025,women/00001535.jpg,1
1026,women/00001954.jpg,1
1027,men/00000608.jpg,0
1028,women/00000137.jpg,1
1029,men/00000253.jpg,0
1030,women/00002253.jpg,1
1031,men/00001106.jpg,0
1032,women/00000902.jpg,1
1033,women/00000345.jpg,1
1034,women/00000283.jpg,1
1035,men/00001097.jpg,0
1036,women/00001264.jpg,1
1037,women/00000158.png,1
1038,men/01 (11).jpg,0
1039,men/00000842.jpeg,0
1040,women/00000182.jpg,1
1041,women/00001850.jpg,1
1042,women/00001287.jpg,1
1043,women/missclassed (62).jpg,1
1044,men/00001761.jpg,0
1045,men/05 (4).jpg,0
1046,women/00000015.jpg,1
1047,women/00000891.jpg,1
1048,men/01 (1).jpg,0
1049,men/00000135.jpg,0
1050,women/00001203.jpg,1
1051,men/00001191.jpg,0
1052,women/00001647.jpg,1
1053,women/00001175.jpg,1
1054,men/00001146.jpg,0
1055,men/00002249.jpg,0
1056,women/00001979.jpg,1
1057,women/00001084.jpg,1
1058,men/00000369.jpg,0
1059,men/00000011.jpg,0
1060,women/00001966.jpeg,1
1061,men/00000413.jpg,0
1062,women/00001909.jpg,1
1063,women/00001039.jpg,1
1064,men/00000246.png,0
1065,men/00000360.jpg,0
1066,women/00001718.jpg,1
1067,men/00001127.png,0
1068,women/00001365.jpg,1
1069,men/00000303.jpg,0
1070,women/00000258.jpg,1
1071,women/00001852.jpg,1
1072,women/00000955.jpg,1
1073,men/00001192.jpg,0
1074,men/00001370.jpg,0
1075,men/00002232.jpg,0
1076,women/00002375.jpeg,1
1077,men/00000951.jpg,0
1078,women/00001664.jpg,1
1079,women/00001417.jpg,1
1080,men/07 (1).jpg,0
1081,women/00001902.jpg,1
1082,men/00000668.jpg,0
1083,women/00002052.png,1
1084,women/00001895.jpg,1
1085,women/00000921.jpg,1
1086,men/00002055.jpg,0
1087,men/00001006.jpg,0
1088,women/00001020.jpg,1
1089,men/00001217.jpg,0
1090,women/00001404.jpg,1
1091,women/00001880.jpg,1
1092,men/00000810.jpg,0
1093,women/00000301.jpg,1
1094,men/00000247.jpg,0
1095,women/00002165.gif,1
1096,women/00000188.jpg,1
1097,women/00002312.jpg,1
1098,men/00000173.jpg,0
1099,women/00002260.jpg,1
1100,men/00001886.jpg,0
1101,men/00000781.jpg,0
1102,women/00002350.jpg,1
1103,women/00000368.jpg,1
1104,men/00001642.jpg,0
1105,men/00002071.jpg,0
1106,women/missclassed (68).jpg,1
1107,women/00001574.jpg,1
1108,men/00002010.jpg,0
1109,women/00002319.jpg,1
1110,women/00000247.jpg,1
1111,women/00002010.jpg,1
1112,men/00002256.jpg,0
1113,men/00002163.jpg,0
1114,men/00000964.jpg,0
1115,women/00001229.jpg,1
1116,women/missclassed (33).jpg,1
1117,women/00001187.jpg,1
1118,women/00001058.jpg,1
1119,men/00000717.jpg,0
1120,women/00002095.jpg,1
1121,women/00001270.jpg,1
1122,women/00000549.jpg,1
1123,women/00002167.jpg,1
1124,men/00001130.jpg,0
1125,men/00000033.png,0
1126,women/missclassed (36).jpg,1
1127,women/00000866.jpg,1
1128,women/00001849.jpg,1
1129,women/00001493.png,1
1130,women/00001282.jpg,1
1131,women/00002076.jpg,1
1132,men/00001634.gif,0
1133,men/00000203.jpg,0
1134,women/00001255.jpg,1
1135,men/00001233.jpg,0
1136,women/00000285.jpg,1
1137,women/00000935.jpg,1
1138,women/00001152.jpg,1
1139,women/00000282.jpg,1
1140,men/00000418.jpg,0
1141,women/00001619.jpg,1
1142,men/00002214.jpg,0
1143,women/00001869.jpg,1
1144,women/00001157.jpg,1
1145,women/00000437.jpg,1
1146,women/00001678.jpg,1
1147,women/00002002.jpg,1
1148,men/00002105.jpg,0
1149,women/00000308.jpg,1
1150,women/00001881.jpg,1
1151,men/00000336.jpg,0
1152,women/00001367.jpg,1
1153,women/00001087.gif,1
1154,men/00000872.jpg,0
1155,men/00001811.jpg,0
1156,women/00002069.jpg,1
1157,women/00000117.jpg,1
1158,women/00001069.jpg,1
1159,men/00000121.jpg,0
1160,women/00000334.jpg,1
1161,women/missclassed (13).jpg,1
1162,men/00000943.jpg,0
1163,men/00002134.jpg,0
1164,men/00000080.png,0
1165,men/00001282.jpg,0
1166,men/00000195.jpg,0
1167,women/00001797.jpg,1
1168,men/00001679.jpg,0
1169,men/00000614.jpg,0
1170,women/00002008.jpg,1
1171,men/00000737.jpg,0
1172,men/00000068.jpg,0
1173,men/00002220.jpg,0
1174,women/00001580.jpg,1
1175,women/00001268.jpg,1
1176,women/00000105.jpg,1
1177,women/00001668.jpg,1
1178,women/00001103.jpg,1
1179,women/00002100.jpg,1
1180,men/00000355.jpg,0
1181,men/00000028.jpg,0
1182,men/00000903.jpg,0
1183,women/00001709.jpg,1
1184,women/00000506.jpg,1
1185,women/00000047.jpg,1
1186,men/00002336.jpg,0
1187,men/00002156.jpg,0
1188,women/00001983.png,1
1189,men/00001265.jpg,0
1190,men/00001415.jpg,0
1191,men/00000919.png,0
1192,men/00002036.jpg,0
1193,men/00002326.jpg,0
1194,women/00002085.jpg,1
1195,women/00000322.jpg,1
1196,women/00002062.jpg,1
1197,women/00001698.jpg,1
1198,men/00001252.jpg,0
1199,men/00000399.jpg,0
1200,women/00001471.jpg,1
1201,men/00000255.jpg,0
1202,men/00002092.jpg,0
1203,women/00001711.png,1
1204,women/00001451.jpg,1
1205,men/00001801.png,0
1206,women/00002176.jpg,1
1207,women/00000439.jpg,1
1208,men/00001031.jpeg,0
1209,men/00001008.jpg,0
1210,women/00001422.jpg,1
1211,women/00001612.jpg,1
1212,women/00001669.jpg,1
1213,men/00002299.jpg,0
1214,men/01 (12).jpg,0
1215,men/00000830.jpg,0
1216,men/05 (3).jpg,0
1217,women/00001620.jpg,1
1218,men/00002304.jpg,0
1219,men/00001805.jpg,0
1220,men/00002041.jpg,0
1221,men/00001868.jpg,0
1222,women/00000736.jpg,1
1223,men/00000899.jpg,0
1224,women/00002233.png,1
1225,women/00002404.jpg,1
1226,women/00000472.jpg,1
1227,men/00000030.jpg,0
1228,women/00001192.jpg,1
1229,men/00001726.jpg,0
1230,women/00001005.jpg,1
1231,women/00000239.jpg,1
1232,men/00000014.jpg,0
1233,men/00001206.jpg,0
1234,women/00000531.jpg,1
1235,women/00000893.jpg,1
1236,men/00001828.jpg,0
1237,women/00001819.jpg,1
1238,men/00002340.jpg,0
1239,men/00000391.jpeg,0
1240,men/00000327.jpg,0
1241,women/missclassed (2).jpg,1
1242,men/00000230.jpg,0
1243,women/00002168.jpeg,1
1244,women/00000900.png,1
1245,women/00001478.png,1
1246,men/00001784.jpg,0
1247,women/00002340.jpg,1
1248,women/missclassed (25).jpg,1
1249,women/00002001.jpg,1
1250,men/00001685.jpg,0
1251,women/00001652.jpg,1
1252,women/00001080.jpg,1
1253,women/00000985.jpg,1
1254,women/00000942.jpg,1
1255,women/00002156.jpg,1
1256,men/00000946.png,0
1257,women/00001123.jpg,1
1258,men/00002196.jpg,0
1259,men/00001999.jpg,0
1260,women/00000101.jpg,1
1261,men/00000334.jpg,0
1262,men/00000921.jpg,0
1263,women/00001419.jpg,1
1264,women/00001610.jpg,1
1265,women/00001291.png,1
1266,men/00000587.jpg,0
1267,men/00001699.jpg,0
1268,men/00000099.jpg,0
1269,men/00001364.jpg,0
1270,men/00000454.jpg,0
1271,men/00000212.jpg,0
1272,women/00002049.jpg,1
1273,men/00000091.jpg,0
1274,women/00001444.jpg,1
1275,women/00002129.jpg,1
1276,men/00000143.jpg,0
1277,men/00001167.jpg,0
1278,men/00000232.jpg,0
1279,men/00002142.jpg,0
1280,women/00002064.jpg,1
1281,women/00000242.jpg,1
1282,women/00001964.jpg,1
1283,women/00001866.jpg,1
1284,women/missclassed (83).jpg,1
1285,men/00002049.jpg,0
1286,women/00001487.jpg,1
1287,men/00001818.jpg,0
1288,women/00001106.jpg,1
1289,women/00002390.jpg,1
1290,men/00001274.jpg,0
1291,women/00000173.jpeg,1
1292,women/00002088.jpg,1
1293,women/00001450.jpg,1
1294,men/00000823.png,0
1295,women/00001463.jpg,1
1296,women/00001805.jpeg,1
1297,men/00000662.jpg,0
1298,men/00001654.jpg,0
1299,women/00001885.jpg,1
1300,women/00001082.jpg,1
1301,men/07 (8).jpg,0
1302,women/00000102.jpg,1
1303,men/00000406.jpg,0
1304,women/06 (1).jpg,1
1305,men/00001921.jpg,0
1306,men/00001026.jpg,0
1307,women/00001094.jpeg,1
1308,women/00001859.jpg,1
1309,men/00002264.jpg,0
1310,men/00000416.jpg,0
1311,women/00000266.jpg,1
1312,women/00001408.jpg,1
1313,men/00000062.jpg,0
1314,women/00001409.jpg,1
1315,men/00000434.jpg,0
1316,men/00000879.png,0
1317,women/00001943.png,1
1318,women/00001460.jpg,1
1319,men/00000832.gif,0
1320,men/00001632.jpg,0
1321,women/missclassed (4).jpg,1
1322,women/00001643.jpg,1
1323,men/00000569.jpg,0
1324,men/00001785.jpg,0
1325,women/missclassed (43).jpg,1
1326,men/00000292.png,0
1327,women/00001548.jpg,1
1328,women/00000872.jpg,1
1329,men/00002216.jpg,0
1330,men/misclassed (2).jpg,0
1331,men/00000859.jpg,0
1332,women/00001277.jpg,1
1333,women/00000268.jpg,1
1334,men/00001004.jpg,0
1335,women/00001376.JPG,1
1336,women/00001335.jpg,1
1337,men/00001020.jpeg,0
1338,men/00001697.jpg,0
1339,women/00001632.jpg,1
1340,men/00000824.jpg,0
1341,men/00000955.jpg,0
1342,women/00000519.jpg,1
1343,men/00002084.jpg,0
1344,women/00000913.jpg,1
1345,women/00001692.jpg,1
1346,men/00001938.jpg,0
1347,women/00001239.jpg,1
1348,men/00001736.jpg,0
1349,men/00000653.jpg,0
1350,women/00002255.jpg,1
1351,men/00001202.jpg,0
1352,women/00001705.png,1
1353,women/00001956.jpg,1
1354,women/00001588.jpg,1
1355,women/00001942.jpg,1
1356,women/00001696.jpeg,1
1357,women/00000917.jpg,1
1358,men/00001827.jpg,0
1359,men/00000906.jpg,0
1360,women/00001009.JPG,1
1361,men/00000408.jpg,0
1362,women/00001071.jpg,1
1363,women/00001691.jpg,1
1364,women/00000016.jpg,1
1365,women/00000838.jpg,1
1366,women/00001683.jpg,1
1367,men/00000201.jpg,0
1368,men/00002151.jpg,0
1369,men/00000427.png,0
1370,men/00000213.jpg,0
1371,women/00000348.jpg,1
1372,women/00001809.jpg,1
1373,women/missclassed (5).jpg,1
1374,women/00001766.jpg,1
1375,men/00001676.png,0
1376,men/00000137.jpg,0
1377,men/00000814.jpeg,0
1378,men/00000176.jpg,0
1379,women/00002068.jpg,1
1380,women/00002351.jpg,1
1381,women/00000922.jpg,1
1382,women/00002146.png,1
1383,men/00000985.jpg,0
1384,women/00001370.jpg,1
1385,women/missclassed (45).jpg,1
1386,women/00002056.jpg,1
1387,women/00000960.jpg,1
1388,men/00000689.jpg,0
1389,men/00001228.jpg,0
1390,men/00002297.jpg,0
1391,men/00001029.jpg,0
1392,women/00002015.jpg,1
1393,women/00001745.jpg,1
1394,men/00002208.jpg,0
1395,women/00000164.jpg,1
1396,men/00001101.jpg,0
1397,women/00001171.jpg,1
1398,women/00000293.jpg,1
1399,men/00001199.jpg,0
1400,men/00001222.jpg,0
1401,men/00000464.jpg,0
1402,women/00000989.jpg,1
1403,men/00001832.jpg,0
1404,women/00002327.jpg,1
1405,men/00001783.jpg,0
1406,women/00000163.jpg,1
1407,women/00002313.jpg,1
1408,men/00001991.png,0
1409,men/00001164.jpg,0
1410,men/00002339.jpg,0
1411,women/00000476.jpg,1
1412,women/00001327.jpg,1
1413,women/00002199.jpg,1
1414,women/00002083.jpg,1
1415,women/00002175.png,1
1416,men/00000528.jpg,0
1417,men/00001278.jpg,0
1418,women/00000630.jpg,1
1419,women/00002419.jpg,1
1420,men/00000490.jpg,0
1421,men/00000264.jpg,0
1422,men/00002079.jpg,0
1423,women/00001744.jpg,1
1424,women/00000436.jpg,1
1425,women/00000116.png,1
1426,women/00001134.jpg,1
1427,women/00002346.jpg,1
1428,men/00000845.jpg,0
1429,women/00000649.jpg,1
1430,men/00001799.jpeg,0
1431,women/00002383.gif,1
1432,men/00002115.jpg,0
1433,women/00000126.jpg,1
1434,women/00001095.jpg,1
1435,men/00002117.jpg,0
1436,women/00001307.jpg,1
1437,men/00001000.jpg,0
1438,women/00000807.jpg,1
1439,women/missclassed (41).jpg,1
1440,men/00001650.jpg,0
1441,women/00001592.jpg,1
1442,men/00001767.jpg,0
1443,men/00000826.jpg,0
1444,women/00000054.png,1
1445,women/00000080.jpg,1
1446,men/00000803.jpg,0
1447,women/00000177.jpg,1
1448,women/00002380.jpg,1
1449,men/00002004.jpg,0
1450,men/00001629.jpg,0
1451,men/00000056.jpg,0
1452,women/missclassed (53).jpg,1
1453,women/00001578.PNG,1
1454,women/00002127.jpg,1
1455,men/00001806.png,0
1456,women/02 (10).jpg,1
1457,women/00001658.jpg,1
1458,women/00001454.jpg,1
1459,women/00000003.jpg,1
1460,men/00001098.jpg,0
1461,women/00000178.jpg,1
1462,women/00001590.gif,1
1463,women/00000871.jpg,1
1464,women/00000844.jpg,1
1465,men/00002273.jpg,0
1466,women/00000892.jpeg,1
1467,women/00002130.jpg,1
1468,women/00000843.jpg,1
1469,men/00001163.jpg,0
1470,men/00001662.jpg,0
1471,men/00001250.jpg,0
1472,women/00001583.jpg,1
1473,men/00000727.jpg,0
1474,women/00001734.jpg,1
1475,men/00002179.jpg,0
1476,women/00000001.jpg,1
1477,men/00000866.jpg,0
1478,women/00001901.jpg,1
1479,women/00000354.jpg,1
1480,women/00001605.jpg,1
1481,men/00000897.png,0
1482,men/00000423.jpg,0
1483,women/00001311.jpeg,1
1484,men/00001636.jpg,0
1485,women/00001214.jpg,1
1486,men/00002154.jpg,0
1487,women/000400296.png,1
1488,men/00000999.jpg,0
1489,men/00000252.jpg,0
1490,women/00000941.jpg,1
1491,women/00002308.jpg,1
1492,women/00000453.png,1
1493,men/00000187.jpg,0
1494,men/00001670.jpg,0
1495,women/00001259.jpg,1
1496,women/00000666.jpg,1
1497,men/00000276.jpg,0
1498,women/00002222.jpg,1
1499,women/00001857.jpg,1
1500,women/00001011.JPG,1
1501,women/00000256.jpg,1
1502,men/00002160.jpg,0
1503,women/00001988.jpg,1
1504,women/00001247.jpg,1
1505,women/00002236.png,1
1506,men/00001751.jpg,0
1507,women/00000541.JPG,1
1508,men/00002311.jpg,0
1509,men/00000147.jpg,0
1510,women/00001179.jpg,1
1511,women/00000347.jpg,1
1512,women/00002417.jpg,1
1513,women/00001090.JPG,1
1514,men/00000183.jpg,0
1515,women/00000046.jpg,1
1516,women/00001750.jpg,1
1517,women/00001245.jpg,1
1518,men/00000242.jpg,0
1519,women/00001197.jpg,1
1520,women/00000034.jpg,1
1521,men/00002052.jpg,0
1522,women/00002427.jpg,1
1523,women/00002204.jpg,1
1524,women/00002423.jpg,1
1525,women/00000878.jpg,1
1526,women/00001240.jpg,1
1527,men/00002139.jpg,0
1528,men/00001757.jpg,0
1529,women/00000233.jpg,1
1530,men/00000202.jpg,0
1531,men/00001681.jpg,0
1532,men/00000442.jpg,0
1533,women/00000440.jpeg,1
1534,women/missclassed (74).jpg,1
1535,women/00000944.jpg,1
1536,women/00001789.jpg,1
1537,women/missclassed (95).jpg,1
1538,women/00000083.jpg,1
1539,women/00000718.jpg,1
1540,women/00001486.jpg,1
1541,women/00000976.jpg,1
1542,men/00000066.jpg,0
1543,women/00001160.png,1
1544,women/00002377.jpg,1
1545,women/00001280.jpg,1
1546,women/00000055.jpg,1
1547,men/00001024.jpg,0
1548,men/00000329.jpg,0
1549,women/00001840.jpg,1
1550,men/07 (10).jpg,0
1551,men/00002067.jpg,0
1552,men/00000022.jpg,0
1553,women/00001396.png,1
1554,men/00000074.jpg,0
1555,women/00001938.jpg,1
1556,women/00001527.png,1
1557,women/00001315.jpg,1
1558,women/missclassed (46).jpg,1
1559,men/05 (8).jpg,0
1560,men/00000846.jpg,0
1561,women/00000325.jpg,1
1562,women/00002406.jpg,1
1563,men/00000001.jpg,0
1564,women/00002101.jpg,1
1565,women/00000290.jpg,1
1566,men/00001227.jpg,0
1567,men/00000871.jpg,0
1568,women/00001114.jpg,1
1569,women/00002270.jpg,1
1570,men/00001172.jpg,0
1571,women/00001013.jpg,1
1572,women/00000659.jpg,1
1573,men/00002050.jpg,0
1574,men/00002064.jpg,0
1575,women/00002206.jpg,1
1576,men/00000325.jpg,0
1577,women/00001482.jpg,1
1578,women/00000110.jpg,1
1579,women/00000927.jpg,1
1580,men/00002068.gif,0
1581,men/00001308.jpg,0
1582,men/00001874.jpg,0
1583,women/00002262.jpeg,1
1584,men/00000354.jpg,0
1585,men/00001750.jpg,0
1586,men/00000928.png,0
1587,women/00001054.JPG,1
1588,women/00000715.jpg,1
1589,women/00002214.jpg,1
1590,men/00000012.jpg,0
1591,men/00000163.jpg,0
1592,men/00000424.jpg,0
1593,men/00001072.jpg,0
1594,women/00000914.jpg,1
1595,women/00000104.jpg,1
1596,men/00001893.jpg,0
1597,women/00002128.jpg,1
1598,men/00000366.jpg,0
1599,men/00000843.jpg,0
1600,women/00000057.jpg,1
1601,men/00002284.jpg,0
1602,women/00001872.jpg,1
1603,men/00002211.jpg,0
1604,women/00001656.jpeg,1
1605,women/00000487.jpg,1
1606,women/00001281.jpg,1
1607,women/00001046.jpg,1
1608,women/00001166.JPG,1
1609,women/06 (2).jpg,1
1610,women/00000112.jpg,1
1611,women/00001412.jpg,1
1612,women/00001863.jpg,1
1613,women/00001254.jpg,1
1614,men/00001454.png,0
1615,women/00001537.jpg,1
1616,women/00000631.jpg,1
1617,women/00001783.jpg,1
1618,men/00000280.jpg,0
1619,women/00000217.jpg,1
1620,women/00001317.jpg,1
1621,men/00001054.jpg,0
1622,men/00000932.jpg,0
1623,men/00000070.jpg,0
1624,men/00000250.jpg,0
1625,men/00002113.jpg,0
1626,women/missclassed (23).jpg,1
1627,men/00002330.jpg,0
1628,women/00001128.jpg,1
1629,women/00000125.png,1
1630,women/02 (8).jpg,1
1631,men/00000819.jpg,0
1632,women/00001670.jpg,1
1633,men/00000093.png,0
1634,women/00000500.jpg,1
1635,men/00000944.jpg,0
1636,women/00001100.jpg,1
1637,men/00000002.jpg,0
1638,women/00001926.jpg,1
1639,women/00001898.jpg,1
1640,women/00001271.jpg,1
1641,women/00000009.jpg,1
1642,men/00000047.jpg,0
1643,women/00000929.jpg,1
1644,men/00000065.jpg,0
1645,men/00001211.jpg,0
1646,women/missclassed (24).jpg,1
1647,men/00000968.jpg,0
1648,men/00000989.jpg,0
1649,men/00001055.jpg,0
1650,women/00000915.jpg,1
1651,men/00001617.jpg,0
1652,men/00001216.jpg,0
1653,women/00000222.jpg,1
1654,women/00000005.jpeg,1
1655,women/00001122.jpg,1
1656,men/00000471.jpg,0
1657,men/00000459.jpg,0
1658,men/00000007.jpg,0
1659,women/00000205.jpg,1
1660,women/00001496.jpg,1
1661,women/00000259.JPG,1
1662,men/00001892.jpg,0
1663,men/00001638.jpg,0
1664,men/00000172.jpg,0
1665,women/00000218.jpg,1
1666,women/00002067.jpg,1
1667,women/00000052.jpg,1
1668,women/00000124.JPG,1
1669,men/00000164.jpg,0
1670,men/00000131.jpg,0
1671,men/00002240.jpg,0
1672,women/00000166.jpg,1
1673,men/00000915.jpg,0
1674,women/missclassed (49).jpg,1
1675,men/00000378.jpg,0
1676,men/00000382.jpg,0
1677,women/00002086.jpg,1
1678,women/00000281.jpg,1
1679,women/00001474.jpg,1
1680,women/00001174.jpg,1
1681,men/00000145.jpg,0
1682,men/00001418.jpg,0
1683,women/00001703.jpg,1
1684,men/00001729.jpg,0
1685,women/00001508.jpg,1
1686,women/00001586.jpg,1
1687,women/missclassed (30).jpg,1
1688,women/00001606.jpg,1
1689,women/00000934.jpg,1
1690,women/00001963.jpg,1
1691,women/00000148.jpeg,1
1692,men/00001960.jpg,0
1693,women/00001503.jpg,1
1694,men/00000854.jpg,0
1695,women/00001792.jpg,1
1696,men/misclassed (13).jpg,0
1697,men/00000305.jpg,0
1698,men/00001527.jpg,0
1699,women/00000674.jpg,1
1700,women/02 (9).jpg,1
1701,women/00001421.jpg,1
1702,men/00002184.jpg,0
1703,women/00001164.jpg,1
1704,men/00000729.jpg,0
1705,men/00001212.jpg,0
1706,men/00000723.jpg,0
1707,men/00000517.jpg,0
1708,men/00001926.jpeg,0
1709,women/00001695.jpg,1
1710,men/00001861.jpg,0
1711,women/00001413.jpg,1
1712,men/00002195.jpg,0
1713,women/00001946.jpg,1
1714,women/00001088.jpg,1
1715,women/00000162.jpg,1
1716,men/00001717.jpg,0
1717,women/00002136.jpg,1
1718,women/missclassed (10).jpg,1
1719,women/00002041.jpg,1
1720,men/00002095.jpg,0
1721,women/00000421.jpg,1
1722,men/00000912.jpg,0
1723,men/00001626.jpg,0
1724,men/00001856.jpg,0
1725,women/00001915.jpeg,1
1726,women/00001300.jpg,1
1727,men/00002294.gif,0
1728,men/00000178.jpg,0
1729,women/00001379.jpg,1
1730,women/00001198.jpg,1
1731,women/00000873.jpg,1
1732,men/00001424.jpg,0
1733,women/00000897.png,1
1734,women/00001139.jpg,1
1735,men/00000148.jpg,0
1736,men/00001779.jpg,0
1737,men/00002270.jpg,0
1738,men/00001142.jpg,0
1739,men/00000622.jpg,0
1740,women/00001226.jpg,1
1741,men/05 (1).jpg,0
1742,men/05 (6).jpg,0
1743,men/00002258.jpg,0
1744,men/00000181.jpg,0
1745,men/00000315.jpg,0
1746,men/00000918.jpg,0
1747,women/00002054.jpg,1
1748,women/02 (4).jpg,1
1749,women/missclassed (9).jpg,1
1750,men/00001659.png,0
1751,men/00000188.jpg,0
1752,women/00002303.jpg,1
1753,men/00001688.jpg,0
1754,women/00001742.jpg,1
1755,women/00001051.jpg,1
1756,men/00001741.jpg,0
1757,men/00001393.jpg,0
1758,women/00001600.jpg,1
1759,women/00002155.jpg,1
1760,men/00000925.jpg,0
1761,men/00001758.jpg,0
1762,women/00001660.jpg,1
1763,women/00000193.jpg,1
1764,women/00001394.jpg,1
1765,women/00000199.jpg,1
1766,women/00000099.jpg,1
1767,men/00001066.jpg,0
1768,men/00001888.JPG,0
1769,women/00000118.jpg,1
1770,women/00002197.jpg,1
1771,men/00001744.jpg,0
1772,women/00000849.jpg,1
1773,men/00000788.jpg,0
1774,men/00000950.jpg,0
1775,men/00002020.jpg,0
1776,women/00000987.jpg,1
1777,men/07 (4).jpg,0
1778,men/00002136.jpeg,0
1779,men/00001807.png,0
1780,women/00001336.jpg,1
1781,men/00001109.jpg,0
1782,women/00001352.jpg,1
1783,men/00000318.jpg,0
1784,women/00000498.jpg,1
1785,women/00000292.jpg,1
1786,men/00000747.jpg,0
1787,men/00000465.jpg,0
1788,women/00000160.jpg,1
1789,women/00001582.jpg,1
1790,men/00000862.jpg,0
1791,women/00000157.jpg,1
1792,men/00001047.jpg,0
1793,women/00001573.jpg,1
1794,women/02 (6).jpg,1
1795,women/00001085.jpg,1
1796,men/00001131.jpg,0
1797,women/00000085.jpg,1
1798,women/00001199.jpg,1
1799,women/00001868.jpg,1
1800,men/00000043.jpg,0
1801,women/00001467.jpg,1
1802,women/00002386.jpg,1
1803,women/00001890.jpg,1
1804,women/00002091.png,1
1805,men/00000008.jpg,0
1806,women/00002364.jpg,1
1807,men/00002025.jpg,0
1808,women/00001188.jpg,1
1809,women/00002144.jpg,1
1810,women/00002019.jpg,1
1811,men/00002125.jpg,0
1812,women/00001776.jpg,1
1813,women/00001003.jpg,1
1814,women/00001236.jpeg,1
1815,women/00001026.jpg,1
1816,men/00001709.jpg,0
1817,women/00002374.jpg,1
1818,men/00002003.jpg,0
1819,men/00000038.jpg,0
1820,men/00000895.jpg,0
1821,women/00002016.jpg,1
1822,women/00002115.jpg,1
1823,men/00001733.jpeg,0
1824,women/00001041.jpg,1
1825,women/00001364.jpg,1
1826,women/00002171.jpg,1
1827,women/00000008.jpg,1
1828,men/00000141.jpg,0
1829,men/00002135.jpg,0
1830,women/00000558.jpg,1
1831,men/00001174.jpg,0
1832,women/00001917.png,1
1833,men/00000870.jpg,0
1834,women/00002096.jpg,1
1835,men/00000983.jpg,0
1836,women/00000053.jpeg,1
1837,men/00000458.jpg,0
1838,men/00001482.jpg,0
1839,men/00000222.jpg,0
1840,women/00000098.jpg,1
1841,men/00002147.jpg,0
1842,men/00000352.jpg,0
1843,women/00002416.jpg,1
1844,women/missclassed (76).jpg,1
1845,men/00001995.jpg,0
1846,men/00000684.jpg,0
1847,men/00001120.jpg,0
1848,women/00001377.jpg,1
1849,men/00001195.png,0
1850,men/00002318.jpg,0
1851,women/00000181.jpg,1
1852,men/00000806.jpg,0
1853,men/00002251.jpg,0
1854,men/00000160.jpg,0
1855,women/00000609.jpg,1
1856,men/00002234.jpg,0
1857,men/00000993.jpg,0
1858,women/00002075.jpg,1
1859,women/00001490.jpg,1
1860,women/00001878.jpg,1
1861,men/00002236.jpg,0
1862,women/00001067.jpg,1
1863,women/00001736.jpg,1
1864,women/00000488.jpg,1
1865,women/00001346.jpg,1
1866,men/00000150.png,0
1867,women/00000120.jpg,1
1868,men/00001668.jpg,0
1869,women/00000988.jpg,1
1870,men/00000035.jpg,0
1871,women/00001124.jpg,1
1872,women/00001375.jpg,1
1873,men/00000392.jpg,0
1874,men/00000149.jpg,0
1875,women/00001920.jpg,1
1876,women/00001694.jpeg,1
1877,men/00000948.jpg,0
1878,women/00001209.jpg,1
1879,women/00000908.jpg,1
1880,women/00000310.jpg,1
1881,men/01 (5).jpg,0
1882,women/00001034.jpg,1
1883,men/00000199.jpg,0
1884,women/00000943.png,1
1885,women/missclassed (8).png,1
1886,women/00001961.jpg,1
1887,women/00002060.png,1
1888,men/00001232.png,0
1889,men/00000847.jpg,0
1890,men/00000554.jpg,0
1891,men/00002272.jpg,0
1892,women/00000063.jpg,1
1893,men/00000801.jpg,0
1894,women/00002134.jpg,1
1895,women/00000013.jpg,1
1896,women/00002021.jpg,1
1897,women/00001681.png,1
1898,men/00000285.jpg,0
1899,women/00001693.jpg,1
1900,women/missclassed (90).jpg,1
1901,women/00000040.jpg,1
1902,women/00000264.jpg,1
1903,men/00001423.jpg,0
1904,women/00000889.jpg,1
1905,men/00000736.jpeg,0
1906,men/00002014.jpg,0
1907,men/00001930.jpg,0
1908,women/00001144.jpg,1
1909,men/00000140.jpg,0
1910,women/00002065.jpg,1
1911,women/00000972.jpg,1
1912,men/00000067.jpg,0
1913,men/00001188.png,0
1914,women/00001342.jpg,1
1915,women/00000225.jpg,1
1916,men/00000356.jpg,0
1917,women/00001146.jpg,1
1918,women/00001458.jpg,1
1919,women/00001147.jpg,1
1920,women/00000964.jpg,1
1921,men/00001324.jpg,0
1922,women/00001927.jpg,1
1923,men/00000004.jpg,0
1924,women/00000949.jpg,1
1925,men/00000180.jpg,0
1926,women/00001135.jpg,1
1927,women/00001599.jpg,1
1928,men/00000192.jpg,0
1929,women/00000075.jpg,1
1930,men/00000774.jpg,0
1931,men/00002290.jpg,0
1932,men/00000017.jpg,0
1933,women/00001538.jpg,1
1934,men/00000665.jpg,0
1935,women/00001972.jpg,1
1936,women/00000669.png,1
1937,men/00002153.jpg,0
1938,women/00001266.jpg,1
1939,men/00001334.jpeg,0
1940,men/00001773.jpg,0
1941,women/00002242.jpeg,1
1942,men/00001028.jpg,0
1943,women/missclassed (78).jpg,1
1944,women/00001473.jpg,1
1945,men/00000426.jpg,0
1946,men/00000197.jpg,0
1947,women/00002190.jpg,1
1948,women/00001269.jpg,1
1949,women/00000770.jpg,1
1950,women/00000089.jpg,1
1951,women/00000884.jpg,1
1952,women/00000304.jpg,1
1953,women/00002160.jpg,1
1954,women/00001923.jpg,1
1955,women/00000096.jpg,1
1956,women/00000039.jpg,1
1957,men/00001362.jpg,0
1958,women/00001469.jpeg,1
1959,men/00002045.jpg,0
1960,men/00001970.jpg,0
1961,women/00000493.jpg,1
1962,women/00002393.jpg,1
1963,men/00000310.jpg,0
1964,women/00001871.jpg,1
1965,men/00000075.jpg,0
1966,men/00002085.jpg,0
1967,men/00000374.jpg,0
1968,men/00001656.jpg,0
1969,men/00000214.jpg,0
1970,women/00001338.jpg,1
1971,men/00000044.jpg,0
1972,women/00000851.jpg,1
1973,men/00001063.jpg,0
1974,men/00001036.jpg,0
1975,women/00001500.jpg,1
1976,women/00000297.jpg,1
1977,women/00001553.jpg,1
1978,women/00000186.jpg,1
1979,women/00001618.jpeg,1
1980,women/00001672.jpg,1
1981,women/00000582.jpg,1
1982,men/00001869.jpg,0
1983,women/00001751.jpg,1
1984,women/00001322.jpg,1
1985,men/00001483.jpg,0
1986,men/00001069.jpg,0
1987,men/00000337.jpg,0
1988,men/00001664.jpg,0
1989,women/00000287.jpg,1
1990,men/00000804.jpg,0
1991,women/00001974.jpg,1
1992,women/00001043.jpg,1
1993,men/00001052.jpg,0
1994,men/00002083.jpg,0
1995,women/00001767.jpg,1
1996,women/00001813.jpg,1
1997,men/00000502.jpg,0
1998,women/00002164.jpg,1
1999,women/00000903.jpg,1
2000,women/00000540.jpg,1
2001,men/00001911.jpg,0
2002,men/00000323.jpg,0
2003,men/00001647.jpg,0
2004,women/00000331.jpg,1
2005,men/00002268.gif,0
2006,men/00000186.jpg,0
2007,men/00002324.jpg,0
2008,women/00002307.jpg,1
2009,men/00000691.jpg,0
2010,men/00000003.jpg,0
2011,women/00002189.jpg,1
2012,men/00001043.jpg,0
2013,men/00000981.jpg,0
2014,men/00001765.jpg,0
2015,men/00000358.jpg,0
2016,women/00001999.jpg,1
2017,women/00001284.jpg,1
2018,women/00002266.jpg,1
2019,women/00000978.jpg,1
2020,men/00000469.jpg,0
2021,men/00002334.jpg,0
2022,men/00000783.jpg,0
2023,women/00000056.jpeg,1
2024,women/00000130.jpg,1
2025,women/00001995.jpg,1
2026,men/00002282.jpg,0
2027,women/00000981.jpg,1
2028,women/00001162.jpg,1
2029,women/00000947.PNG,1
2030,women/00001568.jpg,1
2031,women/00002027.jpg,1
2032,women/00002420.jpg,1
2033,women/00000141.jpg,1
2034,men/00001017.jpg,0
2035,women/00000656.jpg,1
2036,men/00000387.jpg,0
2037,women/00001218.jpeg,1
2038,men/00000526.jpg,0
2039,women/00001056.jpg,1
2040,women/00001752.jpg,1
2041,men/00001007.JPG,0
2042,men/00001080.jpg,0
2043,women/00001572.jpg,1
2044,women/00000958.jpg,1
2045,men/00000971.jpg,0
2046,women/missclassed (19).jpg,1
2047,men/00001153.jpg,0
2048,men/00000312.jpg,0
2049,women/00000198.png,1
2050,women/00001622.jpg,1
2051,men/00001455.jpg,0
2052,men/00001919.jpg,0
2053,women/00002391.jpg,1
2054,women/00001634.jpg,1
2055,women/00001650.jpeg,1
2056,women/00000309.jpg,1
2057,men/00001682.jpg,0
2058,men/00002298.jpg,0
2059,women/00000994.jpg,1
2060,women/00002256.jpg,1
2061,men/00001962.jpg,0
2062,women/00000236.jpg,1
2063,men/00001755.jpg,0
2064,women/00001372.jpg,1
2065,women/00000295.jpg,1
2066,women/00002296.jpg,1
2067,women/00000876.jpg,1
2068,women/00001373.jpg,1
2069,men/00001010.jpg,0
2070,men/00000353.jpg,0
2071,women/00001386.jpg,1
2072,women/00001603.jpg,1
2073,women/00001420.jpg,1
2074,women/00001465.jpg,1
2075,women/00001671.jpg,1
2076,men/00000390.jpg,0
2077,men/00002011.jpg,0
2078,men/00000927.jpg,0
2079,women/00001933.jpg,1
2080,women/00001446.jpg,1
2081,men/00000319.jpg,0
2082,men/00001836.jpg,0
2083,men/00000980.jpg,0
2084,women/00001676.jpg,1
2085,men/07 (5).jpg,0
2086,men/00000437.jpg,0
2087,women/00000044.jpg,1
2088,men/00001299.jpg,0
2089,women/00001777.jpg,1
2090,women/00000131.jpg,1
2091,women/missclassed (67).jpg,1
2092,men/misclassed (1).jpg,0
2093,women/00000271.jpg,1
2094,men/00000127.jpg,0
2095,men/01 (2).jpg,0
2096,women/00001997.jpg,1
2097,women/00000121.jpg,1
2098,women/00001384.jpg,1
2099,men/00001830.jpg,0
2100,women/00001830.jpg,1
2101,women/00000210.jpg,1
2102,men/00001273.jpg,0
2103,men/00001288.jpg,0
2104,women/00002361.jpg,1
2105,men/00001133.jpg,0
2106,women/00000078.png,1
2107,women/00001015.jpg,1
2108,women/00000855.jpg,1
2109,women/00001244.jpg,1
2110,women/00001971.jpg,1
2111,men/00000235.jpg,0
2112,women/missclassed (70).jpg,1
2113,women/missclassed (21).jpg,1
2114,women/00002317.jpg,1
2115,men/00001940.jpg,0
2116,women/00001252.jpg,1
2117,women/00002072.jpg,1
2118,men/00001884.jpg,0
2119,men/00001257.jpg,0
2120,women/00002089.png,1
2121,women/00001008.jpg,1
2122,men/00001778.jpg,0
2123,men/00001078.jpg,0
2124,women/00001787.jpg,1
2125,women/00000030.jpg,1
2126,men/00000886.jpg,0
2127,women/00001208.jpg,1
2128,women/00000243.jpg,1
2129,men/00001887.jpg,0
2130,men/00000954.jpg,0
2131,men/00000167.jpg,0
2132,men/00002315.jpg,0
2133,women/00001032.jpeg,1
2134,men/00002094.jpg,0
2135,women/00001936.jpg,1
2136,men/00000974.jpg,0
2137,women/missclassed (3).png,1
2138,women/00001896.jpg,1
2139,women/00001987.jpeg,1
2140,men/00000258.jpg,0
2141,women/00000377.jpg,1
2142,women/00001156.jpg,1
2143,men/00000911.jpg,0
2144,women/00001887.jpg,1
2145,women/00000748.jpg,1
2146,women/00000058.jpg,1
2147,men/00001646.jpg,0
2148,men/00002075.JPG,0
2149,women/00001057.jpg,1
2150,women/00000924.jpg,1
2151,men/00001937.jpg,0
2152,men/00001663.jpg,0
2153,women/00001597.jpg,1
2154,women/00000230.jpg,1
2155,women/00002371.jpg,1
2156,men/00001116.jpg,0
2157,women/00001286.jpg,1
2158,women/00002084.jpg,1
2159,women/00001401.jpg,1
2160,women/00001099.jpg,1
2161,women/00000119.jpg,1
2162,men/00000405.jpg,0
2163,women/00001111.jpg,1
2164,men/00000453.jpg,0
2165,women/00001541.jpg,1
2166,women/00002401.jpg,1
2167,men/00001781.jpg,0
2168,women/00001763.jpg,1
2169,women/00001428.jpg,1
2170,men/00002109.jpg,0
2171,women/00000010.jpg,1
2172,men/00001657.jpg,0
2173,women/00001876.jpg,1
2174,women/00002263.jpeg,1
2175,women/00001120.jpg,1
2176,women/missclassed (89).jpg,1
2177,men/00001050.jpg,0
2178,men/00000309.jpg,0
2179,women/00002248.jpg,1
2180,women/00002005.jpg,1
2181,women/00001150.jpg,1
2182,women/00002257.jpg,1
2183,men/00002187.png,0
2184,women/00000971.png,1
2185,women/00001368.jpg,1
2186,men/01 (1).png,0
2187,women/00000071.jpg,1
2188,women/00000204.jpg,1
2189,men/00000059.jpg,0
2190,women/00001475.jpg,1
2191,men/00001990.jpg,0
2192,women/00001655.jpg,1
2193,men/00001248.jpg,0
2194,women/00000886.jpg,1
2195,women/00000880.jpeg,1
2196,women/missclassed (61).JPG,1
2197,women/00002360.jpg,1
2198,women/00002373.jpg,1
2199,men/00000934.jpg,0
2200,women/00002147.jpg,1
2201,women/00001637.jpg,1
2202,women/00000321.jpg,1
2203,men/00001303.jpg,0
2204,women/00002320.jpg,1
2205,women/00001893.jpg,1
2206,men/00000124.jpg,0
2207,women/00002424.jpg,1
2208,men/00001214.jpg,0
2209,men/00001271.jpg,0
2210,men/00000142.jpg,0
2211,men/00000787.jpg,0
2212,women/00002196.jpg,1
2213,women/00001803.png,1
2214,men/00001870.jpg,0
2215,women/00000859.jpg,1
2216,women/00001727.jpg,1
2217,men/00000888.png,0
2218,men/00002328.jpg,0
2219,women/00000919.jpg,1
2220,men/00001159.jpg,0
2221,men/00001359.jpg,0
2222,women/00002227.jpg,1
2223,men/00000159.jpg,0
2224,women/00001096.jpg,1
2225,women/00001042.jpg,1
2226,women/00002379.jpeg,1
2227,men/00001358.jpg,0
2228,men/00002229.jpg,0
2229,men/00000045.jpg,0
2230,women/00000061.jpg,1
2231,men/00001420.jpg,0
2232,women/00001283.jpg,1
2233,women/00000435.jpg,1
2234,women/00002276.jpg,1
2235,men/00000754.jpg,0
2236,women/00000091.jpg,1
2237,women/00001115.png,1
2238,women/00001149.jpg,1
2239,men/00001286.jpg,0
2240,women/00001973.jpg,1
2241,men/00000417.png,0
2242,women/00001267.jpg,1
2243,men/00000177.jpg,0
2244,men/00000108.jpg,0
2245,men/00001048.jpg,0
2246,men/00001945.jpg,0
2247,women/00002425.jpg,1
2248,men/00000615.jpg,0
2249,women/00001757.jpg,1
2250,women/00001844.jpg,1
2251,women/00001802.jpg,1
2252,men/00001207.jpg,0
2253,men/00000061.jpg,0
2254,men/00001414.jpg,0
2255,men/00002069.jpg,0
2256,women/00000108.jpg,1
2257,women/00000923.jpg,1
2258,men/00001345.png,0
2259,women/00001874.jpg,1
2260,men/00001240.jpg,0
2261,women/00001916.jpg,1
2262,men/00001291.png,0
2263,women/00000975.jpg,1
2264,men/00000085.jpg,0
2265,women/00001976.jpg,1
2266,men/00000887.jpg,0
2267,men/00000190.jpg,0
2268,women/00001740.jpg,1
2269,women/00000946.jpg,1
2270,men/00001373.jpg,0
2271,women/00000043.jpg,1
2272,women/00001986.jpg,1
2273,men/00001775.jpg,0
2274,women/00001121.jpg,1
2275,women/00000280.png,1
2276,women/00001018.jpg,1
2277,men/00000036.jpg,0
2278,women/00001329.jpg,1
2279,women/00001822.jpg,1
2280,men/00000184.png,0
2281,women/00001795.jpg,1
2282,women/00002225.png,1
2283,women/00001677.jpg,1
2284,women/00001045.jpg,1
2285,women/00000954.jpg,1
2286,men/00000485.jpg,0
2287,men/05 (2).jpg,0
2288,women/00001798.jpg,1
2289,men/00001723.jpg,0
2290,women/00001023.jpg,1
2291,women/00000215.jpg,1
2292,men/00000760.jpg,0
2293,women/00001749.png,1
2294,men/00002161.jpg,0
2295,women/00000265.jpg,1
2296,women/00002106.jpg,1
2297,women/00001804.jpg,1
2298,women/00001799.jpg,1
2299,women/00001853.jpg,1
2300,men/00001363.jpg,0
2301,women/missclassed (65).jpg,1
2302,men/00000015.jpg,0
2303,women/00002036.jpg,1
2304,women/00002291.jpg,1
2305,women/00002229.jpg,1
2306,women/00001707.jpg,1
2307,women/00001059.jpg,1
2308,women/missclassed (5).png,1
2309,women/00000996.jpg,1
2310,men/00000521.jpg,0
2311,men/00000412.jpg,0
2312,women/00002244.jpg,1
2313,men/00001360.jpg,0
2314,women/00002074.jpg,1
2315,women/00001800.jpg,1
2316,men/00001135.jpg,0
2317,men/00001079.jpg,0
2318,men/00001749.jpg,0
2319,women/00000479.jpg,1
2320,women/00002271.jpg,1
2321,men/00001984.jpg,0
2322,women/00001563.jpg,1
2323,men/00000815.JPG,0
2324,women/00001762.jpg,1
2325,women/00000140.jpg,1
2326,men/00000808.png,0
2327,men/00001065.jpg,0
2328,women/00002020.jpg,1
2329,men/00000301.jpg,0
2330,men/01 (8).JPG,0
2331,women/00000002.jpg,1
2332,women/00001021.jpg,1
2333,men/00000875.jpg,0
2334,men/00000379.jpg,0
2335,women/00002152.jpg,1
2336,women/00001027.jpg,1
2337,women/00000340.jpg,1
2338,men/00002046.jpg,0
2339,men/00001730.jpeg,0
2340,men/00001223.jpg,0
2341,women/00001201.jpg,1
2342,women/02 (2).jpg,1
2343,men/00002327.jpg,0
2344,men/00000005.jpg,0
2345,men/00001771.jpg,0
2346,men/00000850.jpg,0
2347,women/00000200.jpg,1
2348,men/00000049.jpg,0
2349,women/00002111.jpg,1
2350,women/00000839.jpg,1
2351,women/00000314.jpg,1
2352,women/00002210.jpg,1
2353,women/00000926.jpg,1
2354,men/00000883.jpg,0
2355,women/00002045.jpg,1
2356,men/00001027.jpg,0
2357,women/00001263.jpg,1
2358,women/00000931.jpg,1
2359,men/misclassed (3).jpg,0
2360,men/00001058.jpg,0
2361,men/00000837.jpg,0
2362,women/00002265.jpg,1
2363,women/missclassed (94).jpg,1
2364,women/00000074.jpg,1
2365,women/00001753.jpg,1
2366,women/00002403.gif,1
2367,women/00002121.jpg,1
2368,women/missclassed (60).jpg,1
2369,women/00002132.jpg,1
2370,women/00001515.jpg,1
2371,women/00001843.jpg,1
2372,women/00000619.jpeg,1
2373,men/00002237.jpg,0
2374,men/00000053.jpeg,0
2375,women/00001661.jpg,1
2376,women/00000161.jpg,1
2377,women/00000064.jpg,1
2378,men/00000976.jpg,0
2379,women/00000471.jpg,1
2380,women/00001517.jpg,1
2381,women/00000114.jpg,1
2382,men/00002198.jpg,0
2383,men/00000272.jpg,0
2384,women/00001278.jpg,1
2385,men/00001496.jpg,0
2386,women/00001532.png,1
2387,women/00001061.jpg,1
2388,men/00002300.jpg,0
2389,women/00002240.jpg,1
2390,women/00002211.jpg,1
2391,women/00000847.jpg,1
2392,men/00002274.jpg,0
2393,women/00001815.jpg,1
2394,women/00001980.jpg,1
2395,men/00000322.jpg,0
2396,women/00001177.jpg,1
2397,women/00000454.jpg,1
2398,men/00002174.jpg,0
2399,women/00001381.jpg,1
2400,women/00001818.jpg,1
2401,men/00000040.jpg,0
2402,men/00000013.jpg,0
2403,women/00001466.jpg,1
2404,men/00000194.jpg,0
2405,women/00000128.jpg,1
2406,women/00000704.jpg,1
2407,women/00001083.jpg,1
2408,men/00000051.jpg,0
2409,women/00000629.jpg,1
2410,men/00000288.jpg,0
2411,men/00000063.jpg,0
2412,men/00000107.jpg,0
2413,men/00001123.jpg,0
2414,women/00001562.jpg,1
2415,women/00000341.jpg,1
2416,men/00002306.jpg,0
2417,men/00001899.jpg,0
2418,women/00001424.jpg,1
2419,women/00002286.jpg,1
2420,women/00001856.jpg,1
2421,men/00002053.jpg,0
2422,men/00002317.jpg,0
2423,men/00002203.jpg,0
2424,men/00001114.jpg,0
2425,women/00002355.jpg,1
2426,women/00001550.jpg,1
2427,women/00001598.jpg,1
2428,women/00001118.jpg,1
2429,women/00001078.jpg,1
2430,women/00002037.jpeg,1
2431,women/00002073.jpg,1
2432,men/00000210.jpg,0
2433,women/00001295.png,1
2434,women/00000537.jpg,1
2435,women/00000335.jpg,1
2436,women/00001884.jpg,1
2437,men/00000134.jpg,0
2438,men/00001126.jpg,0
2439,women/00001237.jpg,1
2440,men/00001213.jpg,0
2441,women/00000673.jpg,1
2442,men/00000420.jpg,0
2443,men/00001843.jpg,0
2444,women/00001932.png,1
2445,women/00000993.jpg,1
2446,women/00001272.jpg,1
2447,women/00002163.jpg,1
2448,men/00001790.jpg,0
2449,men/00001316.jpg,0
2450,women/00000845.jpg,1
2451,men/00002047.jpg,0
2452,women/00001765.png,1
2453,women/00001040.jpg,1
2454,women/00000289.jpg,1
2455,women/00001072.jpg,1
2456,men/00001653.jpg,0
2457,women/00001589.jpg,1
2458,men/00000712.jpg,0
2459,women/00001204.jpg,1
2460,men/00000537.jpg,0
2461,men/00002032.jpg,0
2462,men/00000106.jpg,0
2463,women/00001758.jpg,1
2464,men/00001035.jpg,0
2465,women/00000564.jpg,1
2466,women/00002000.jpg,1
2467,women/00000464.jpg,1
2468,men/00001786.jpg,0
2469,men/00001077.jpg,0
2470,women/00001001.jpg,1
2471,women/00001491.jpg,1
2472,men/00001686.jpg,0
2473,women/00002232.jpg,1
2474,men/00000992.jpg,0
2475,women/00000318.jpg,1
2476,women/00000624.jpg,1
2477,women/00000610.jpg,1
2478,women/missclassed (31).jpg,1
2479,women/00000245.jpg,1
2480,women/00002216.jpg,1
2481,women/00000090.png,1
2482,men/00002129.jpg,0
2483,men/00000441.jpg,0
2484,women/00001839.jpg,1
2485,men/00000945.jpg,0
2486,men/00000284.jpg,0
2487,women/00001879.jpg,1
2488,women/00002285.jpg,1
2489,women/missclassed (59).jpg,1
2490,women/00000291.jpg,1
2491,women/00002013.jpg,1
2492,women/00001031.jpg,1
2493,women/00001309.JPG,1
2494,women/00000475.jpg,1
2495,men/00000435.jpg,0
2496,women/missclassed (32).jpg,1
2497,men/00000162.jpg,0
2498,women/00001937.jpg,1
2499,men/00000205.jpg,0
2500,men/00000884.jpg,0
2501,women/00000235.jpg,1
2502,men/00001898.jpg,0
2503,men/00001301.jpg,0
2504,men/00002186.jpg,0
2505,men/00001678.jpg,0
2506,women/00001616.jpg,1
2507,women/00001154.jpg,1
2508,women/00001107.jpg,1
2509,men/00001361.jpg,0
2510,men/00001800.jpg,0
2511,women/00000246.jpg,1
2512,women/00002040.jpg,1
2513,men/00001118.jpg,0
2514,women/00001820.jpg,1
2515,men/00002039.jpg,0
2516,women/00001746.jpg,1
2517,women/00000260.jpg,1
2518,men/00002090.jpg,0
2519,men/00000822.jpg,0
2520,men/00000557.jpg,0
2521,men/00001001.jpg,0
2522,women/00000703.jpg,1
2523,women/00000966.jpg,1
2524,women/00000022.jpg,1
2525,men/00001023.jpg,0
2526,women/00001130.jpg,1
2527,women/00002044.jpg,1
2528,men/00000809.jpg,0
2529,women/00001397.jpg,1
2530,women/00001526.jpg,1
2531,women/00001439.jpg,1
2532,women/00001324.jpg,1
2533,women/00002161.jpg,1
2534,women/missclassed (20).jpg,1
2535,women/00001729.jpg,1
2536,men/00000139.jpg,0
2537,men/00001793.jpg,0
2538,men/00001034.jpg,0
2539,women/00001892.jpg,1
2540,women/00001794.jpg,1
2541,women/00000136.jpg,1
2542,men/00001296.JPG,0
2543,men/00001819.jpg,0
2544,men/00001075.jpg,0
2545,men/00002043.jpg,0
2546,women/00001398.jpg,1
2547,men/00000455.jpg,0
2548,women/00000176.jpg,1
2549,women/00000059.jpg,1
2550,men/00000096.jpg,0
2551,men/00000283.jpg,0
2552,women/00000569.jpg,1
2553,women/00002034.jpg,1
2554,men/00000940.png,0
2555,women/00002292.jpg,1
2556,women/00001288.png,1
2557,men/00000041.jpg,0
2558,men/00000436.png,0
2559,men/00000805.jpg,0
2560,women/00000433.jpg,1
2561,women/00001768.jpg,1
2562,women/00001910.jpg,1
2563,women/00001570.jpg,1
2564,women/00002318.jpg,1
2565,women/00000156.jpg,1
2566,men/00001622.jpg,0
2567,men/00001655.jpg,0
2568,women/00000170.jpg,1
2569,women/00000953.jpg,1
2570,women/00000898.jpg,1
2571,men/00000606.jpg,0
2572,men/00002243.gif,0
2573,women/00000443.jpg,1
2574,women/00001427.jpg,1
2575,women/00000097.jpg,1
2576,men/00001039.jpg,0
2577,women/00002376.jpg,1
2578,women/00001387.png,1
2579,men/00000144.jpg,0
2580,women/00001525.jpg,1
2581,men/00001221.jpg,0
2582,men/00001124.jpg,0
2583,women/00001957.jpg,1
2584,men/00002124.jpg,0
2585,women/00001193.jpg,1
2586,men/00000446.jpg,0
2587,women/00001772.jpg,1
2588,women/00002159.jpg,1
2589,women/00002050.jpg,1
2590,women/00001354.jpg,1
2591,men/00001644.jpg,0
2592,women/00001773.jpg,1
2593,men/00000023.jpg,0
2594,women/00001990.jpg,1
2595,men/00000171.jpg,0
2596,women/00002087.jpg,1
2597,women/00001169.jpg,1
2598,women/00001723.jpg,1
2599,men/00001226.jpg,0
2600,women/00000959.jpg,1
2601,men/00001640.jpg,0
2602,men/00000828.jpg,0
2603,men/00000798.jpg,0
2604,women/00001771.jpg,1
2605,men/00000979.jpg,0
2606,women/00001207.png,1
2607,men/00001951.jpg,0
2608,women/00002415.jpg,1
2609,women/00002306.jpg,1
2610,men/00000421.jpg,0
2611,men/00000960.jpg,0
2612,women/00000938.jpg,1
2613,women/00002024.jpg,1
2614,men/00000402.jpg,0
2615,women/00001227.jpg,1
2616,men/00001677.jpg,0
2617,men/00000300.JPG,0
2618,men/00000800.jpg,0
2619,men/00000034.jpg,0
2620,women/00002039.jpg,1
2621,men/01 (4).jpg,0
2622,men/00001254.jpg,0
2623,men/00000936.jpg,0
2624,men/00001289.jpg,0
2625,women/00001256.jpg,1
2626,women/00000165.jpg,1
2627,men/00000054.jpg,0
2628,men/00001173.jpeg,0
2629,women/00000185.jpg,1
2630,women/00001117.jpg,1
2631,women/00000269.jpg,1
2632,women/missclassed (48).jpg,1
2633,women/00001934.jpg,1
2634,women/00001558.jpg,1
2635,women/00000014.jpeg,1
2636,women/00001161.jpg,1
2637,women/00002081.jpg,1
2638,women/00001785.jpg,1
2639,women/00001702.jpg,1
2640,women/00002409.jpg,1
2641,women/missclassed (88).jpg,1
2642,men/00000445.jpg,0
2643,women/00000021.jpg,1
2644,women/00001985.jpg,1
2645,women/00000153.jpg,1
2646,men/00001883.jpg,0
2647,women/00001894.jpg,1
2648,men/00000169.jpg,0
2649,men/00000243.jpg,0
2650,women/00000272.jpg,1
2651,women/00001024.jpeg,1
2652,women/00001019.jpg,1
2653,men/00002180.jpg,0
2654,men/00001187.jpg,0
2655,women/00001392.jpg,1
2656,women/00000302.jpg,1
2657,women/00001079.jpg,1
2658,women/00000406.jpg,1
2659,men/00000865.jpg,0
2660,women/00000129.jpeg,1
2661,women/00001498.jpg,1
2662,men/00001949.jpg,0
2663,women/00000343.jpg,1
2664,men/00001672.jpg,0
2665,men/00001961.jpg,0
2666,men/00001179.jpg,0
2667,men/00000077.jpg,0
2668,women/00000077.jpg,1
2669,women/00001569.jpg,1
2670,men/00000009.jpg,0
2671,men/00000889.jpg,0
2672,women/00002107.jpg,1
2673,men/00000562.jpg,0
2674,women/00000930.jpg,1
2675,women/00000734.jpg,1
2676,men/00000785.jpg,0
2677,women/00001217.jpg,1
2678,women/00001930.jpg,1
2679,men/00001994.jpg,0
2680,women/00001545.jpg,1
2681,women/00001659.jpg,1
2682,men/00001669.jpg,0
2683,women/00001360.jpg,1
2684,women/missclassed (1).png,1
2685,men/00000166.jpg,0
2686,women/00000227.jpg,1
2687,women/00000336.jpg,1
2688,women/00001968.jpg,1
2689,men/00001298.jpg,0
2690,men/00001973.jpg,0
2691,men/00000646.jpg,0
2692,men/00001129.jpg,0
2693,men/00000298.jpg,0
2694,men/00000677.jpg,0
2695,women/00000535.jpg,1
2696,men/00001860.jpg,0
2697,women/00001989.jpg,1
2698,women/02 (7).jpg,1
2699,men/00001056.jpg,0
2700,men/00001051.jpg,0
2701,women/00001036.jpg,1
2702,women/missclassed (84).jpg,1
2703,men/00002205.jpg,0
2704,women/00000611.jpg,1
2705,women/00001774.jpg,1
2706,women/missclassed (86).jpg,1
2707,men/00001645.jpg,0
2708,women/00001511.jpg,1
2709,men/00001113.jpg,0
2710,women/00001565.png,1
2711,women/00000352.jpg,1
2712,men/00000277.jpg,0
2713,women/00001441.jpg,1
2714,women/00000632.jpg,1
2715,men/00001850.jpg,0
2716,women/00001824.jpg,1
2717,women/00001206.jpg,1
2718,men/00000175.jpg,0
2719,women/00001996.jpg,1
2720,men/00002104.jpg,0
2721,men/00002292.jpeg,0
2722,women/00000011.png,1
2723,women/00001962.jpg,1
2724,men/00001062.jpg,0
2725,women/00001663.jpg,1
2726,women/00001761.jpeg,1
2727,women/00001212.jpg,1
2728,women/00001873.jpg,1
2729,women/00000020.jpg,1
2730,women/00002254.jpg,1
2731,women/00002183.jpg,1
2732,women/00001531.png,1
2733,women/00002274.jpg,1
2734,women/00000220.jpg,1
2735,women/00001914.jpg,1
2736,men/00002192.jpg,0
2737,women/00001314.gif,1
2738,women/00002334.jpg,1
2739,women/00001682.jpg,1
2740,women/00000276.JPG,1
2741,men/00001665.jpg,0
2742,men/00000341.jpg,0
2743,men/00000802.jpg,0
2744,men/00001844.jpg,0
2745,women/00000196.jpg,1
2746,women/00001432.jpg,1
2747,men/00000118.jpg,0
2748,men/00002102.png,0
2749,men/00000885.jpeg,0
2750,men/00000179.jpg,0
2751,men/000000296.png,0
2752,men/00000019.jpg,0
2753,women/00000270.jpg,1
2754,men/00000873.jpg,0
2755,women/00002185.jpg,1
2756,men/00001322.jpg,0
2757,women/00001418.jpg,1
2758,men/00000351.jpg,0
2759,men/00000039.jpg,0
2760,men/00002191.jpg,0
2761,women/00001726.jpg,1
2762,women/00000909.jpg,1
2763,men/00001033.jpg,0
2764,men/00000811.jpg,0
2765,women/00001615.jpg,1
2766,women/00001369.jpg,1
2767,women/00000507.jpg,1
2768,men/00000922.jpg,0
2769,women/00001636.jpg,1
2770,women/00000086.jpg,1
2771,men/00002017.jpg,0
2772,women/00000093.jpg,1
2773,women/00000000.jpg,1
2774,women/00001170.jpg,1
2775,men/00002015.jpg,0
2776,women/00001238.jpg,1
2777,women/00001810.jpg,1
2778,women/00002158.jpg,1
2779,women/00000211.jpg,1
2780,men/00000241.jpg,0
2781,men/00002099.jpg,0
2782,women/00000027.jpg,1
2783,women/00002191.jpg,1
2784,men/00001637.png,0
2785,women/00001977.jpg,1
2786,women/00000907.jpg,1
2787,women/00001431.JPG,1
2788,men/00002210.jpg,0
2789,women/00001716.jpg,1
2790,women/00000513.jpg,1
2791,men/00001249.jpg,0
2792,women/00001992.jpg,1
2793,women/00001313.png,1
2794,women/00001347.jpg,1
2795,women/00001225.png,1
2796,men/00000917.jpg,0
2797,women/00001250.jpg,1
2798,men/00000193.jpg,0
2799,men/00001356.jpg,0
2800,women/00001639.jpg,1
2801,women/missclassed (12).jpg,1
2802,men/00002155.jpg,0
2803,men/00000256.jpg,0
2804,men/00000020.jpg,0
2805,women/00000920.jpg,1
2806,women/00002148.jpg,1
2807,men/00002314.PNG,0
2808,men/00001277.jpg,0
2809,women/00002314.jpg,1
2810,men/00000072.jpg,0
2811,women/00001554.jpg,1
2812,women/00000036.jpg,1
2813,men/00001225.jpg,0
2814,men/00001954.jpg,0
2815,women/00002025.jpg,1
2816,women/00001522.jpeg,1
2817,women/00001220.jpg,1
2818,women/00000037.gif,1
2819,women/00002405.jpg,1
2820,women/00002123.jpg,1
2821,men/00000756.jpg,0
2822,men/00002302.jpg,0
2823,men/00000046.jpg,0
2824,men/00000037.jpg,0
2825,women/00002396.jpg,1
2826,women/00001845.jpg,1
2827,women/missclassed (7).jpg,1
2828,women/00001865.jpg,1
2829,women/00000883.jpg,1
2830,men/00001872.jpg,0
2831,women/00002102.jpg,1
2832,women/00000910.jpg,1
2833,men/00001769.jpg,0
2834,men/00002277.jpg,0
2835,men/00001093.jpg,0
2836,women/00002099.jpg,1
2837,women/00000072.jpg,1
2838,men/00000749.jpg,0
2839,men/00000029.jpg,0
2840,men/00002175.jpg,0
2841,women/00000274.jpg,1
2842,men/00000100.jpg,0
2843,women/00001113.jpg,1
2844,women/00002387.jpg,1
2845,men/00001942.jpg,0
2846,women/00002297.png,1
2847,women/missclassed (87).jpg,1
2848,women/00000874.jpeg,1
2849,women/00001006.jpg,1
2850,women/00001215.jpg,1
2851,women/missclassed (2).png,1
2852,men/00000494.jpg,0
2853,women/00000861.jpg,1
2854,women/00001173.jpg,1
2855,men/00002082.jpg,0
2856,women/00002221.jpg,1
2857,women/00002268.jpg,1
2858,women/missclassed (91).jpg,1
2859,men/00001687.jpg,0
2860,men/00001722.jpg,0
2861,men/00002062.jpg,0
2862,men/00000834.jpg,0
2863,men/00000161.jpg,0
2864,men/00000833.jpg,0
2865,women/00002166.jpeg,1
2866,men/00000864.jpg,0
2867,women/00001617.jpg,1
2868,women/00001257.jpg,1
2869,women/00001480.jpg,1
2870,men/00001902.jpg,0
2871,women/00000868.jpg,1
2872,men/00001139.jpg,0
2873,women/missclassed (58).jpg,1
2874,men/00000006.jpg,0
2875,women/00000349.jpg,1
2876,women/00002108.jpg,1
2877,men/00000111.jpg,0
2878,men/00000174.jpg,0
2879,men/00001088.jpg,0
2880,men/00002193.jpg,0
2881,women/00001344.jpeg,1
2882,men/00000261.jpg,0
2883,women/00001459.jpg,1
2884,women/00001657.jpg,1
2885,women/00001542.jpg,1
2886,men/00002265.jpg,0
2887,men/00001121.jpg,0
2888,women/00001524.jpg,1
2889,men/00001305.jpg,0
2890,women/00000029.jpg,1
2891,women/00002228.png,1
2892,men/00000856.png,0
2893,women/00001699.jpg,1
2894,women/00001630.png,1
2895,men/00000892.jpg,0
2896,men/00000930.png,0
2897,women/00002046.jpg,1
2898,women/00001434.jpg,1
2899,women/00001065.jpg,1
2900,men/00000959.png,0
2901,men/00000696.jpg,0
2902,women/00002353.jpg,1
2903,women/00000327.jpg,1
2904,women/00000388.jpg,1
2905,women/00001739.jpg,1
2906,men/00000813.jpg,0
2907,women/00000979.jpg,1
2908,men/00002074.jpg,0
2909,women/00000254.jpg,1
2910,women/00000261.jpg,1
2911,men/00002146.jpg,0
2912,men/00001695.jpg,0
2913,women/00000244.jpg,1
2914,women/00000485.jpg,1
2915,women/missclassed (18).jpg,1
2916,women/00001472.png,1
2917,women/00001222.jpg,1
2918,women/00001070.jpg,1
2919,men/00000966.jpg,0
2920,women/missclassed (64).JPG,1
2921,men/00001184.jpg,0
2922,women/00001461.jpg,1
2923,women/00000950.jpg,1
2924,men/00001948.jpg,0
2925,men/00001673.jpg,0
2926,women/00002038.jpg,1
2927,women/00001713.jpg,1
2928,men/00000869.jpg,0
2929,women/missclassed (1).jpeg,1
2930,women/00001686.jpg,1
2931,men/00001147.jpg,0
2932,women/00002203.jpg,1
2933,women/00001523.jpg,1
2934,men/00001399.jpg,0
2935,women/00001488.jpg,1
2936,women/00001725.jpg,1
2937,women/missclassed (6).jpg,1
2938,women/00000249.jpg,1
2939,women/00001584.jpg,1
2940,women/00001847.jpeg,1
2941,women/00001833.jpg,1
2942,women/00001667.jpg,1
2943,women/00000339.jpg,1
2944,women/00001328.jpg,1
2945,women/missclassed (73).jpg,1
2946,men/00000986.jpg,0
2947,men/misclassed (4).jpg,0
2948,women/00002398.jpg,1
2949,men/00002212.jpg,0
2950,women/00001234.jpg,1
2951,women/00001223.jpg,1
2952,women/00001074.jpg,1
2953,women/00001754.jpg,1
2954,women/00000477.jpg,1
2955,women/00001952.jpg,1
2956,women/00002264.jpg,1
2957,women/00000129.jpg,1
2958,men/00000769.jpg,0
2959,women/00002007.jpg,1
2960,women/00001965.jpg,1
2961,women/00001382.jpg,1
2962,men/00000581.jpg,0
2963,men/00001795.jpg,0
2964,women/00000956.jpg,1
2965,women/00000604.jpg,1
2966,women/00001274.jpg,1
2967,men/00001231.jpg,0
2968,women/00000286.jpg,1
2969,women/00001275.jpg,1
2970,men/07 (2).png,0
2971,men/00000257.jpg,0
2972,men/00000838.jpg,0
2973,men/00001103.jpeg,0
2974,men/00001635.jpg,0
2975,women/00002135.jpg,1
2976,women/00001400.jpeg,1
2977,women/00000033.jpg,1
2978,women/00002006.jpg,1
2979,men/00000076.jpg,0
2980,women/00001559.jpg,1
2981,women/00000605.jpg,1
2982,men/00001576.jpg,0
2983,women/00001564.jpg,1
2984,men/00001879.jpg,0
2985,women/00001862.jpg,1
2986,women/00001452.jpg,1
2987,women/00000155.jpg,1
2988,women/00001905.jpg,1
2989,women/00001720.jpg,1
2990,women/missclassed (44).jpg,1
2991,women/00000146.jpg,1
2992,women/00001673.jpg,1
2993,men/00000371.jpg,0
2994,men/00000484.jpg,0
2995,men/00000219.jpg,0
2996,men/00002118.jpg,0
